"ID","RosterID","PlayerID","Bid","LeagueID","DraftedOwnerID","CurrentOwnerID","Drafted","DraftID","Violation","KeeperStatusID","KeeperYear"
136,91,999,21,1,27,27,"""2012-07-28T11:47:06.013Z""",29,false,1,2
137,94,977,53,1,29,29,"""2012-07-28T11:47:30.270Z""",29,false,1,2
138,95,846,45,1,30,21,"""2012-07-28T11:47:55.570Z""",29,false,1,2
139,91,871,49,1,27,27,"""2012-07-28T11:48:18.366Z""",29,false,1,2
140,91,1074,46,1,27,27,"""2012-07-28T11:48:34.813Z""",29,false,1,2
141,93,1095,55,1,23,23,"""2012-07-28T11:48:53.870Z""",29,false,1,2
142,87,793,36,1,4,4,"""2012-07-28T11:49:15.640Z""",29,false,1,2
143,96,920,24,1,22,22,"""2012-07-28T11:49:33.603Z""",29,false,1,2
144,94,862,34,1,29,29,"""2012-07-28T11:49:54.200Z""",29,false,1,2
145,89,810,34,1,19,19,"""2012-07-28T11:50:08.470Z""",29,false,1,2
146,90,1083,58,1,28,19,"""2012-07-28T11:50:31.690Z""",29,false,1,2
147,95,966,9,1,30,30,"""2012-07-28T11:50:47.530Z""",29,false,1,2
148,85,892,31,1,26,26,"""2012-07-28T11:51:04.143Z""",29,false,1,2
149,93,970,26,1,23,23,"""2012-07-28T11:51:18.396Z""",29,false,1,2
150,95,817,44,1,30,30,"""2012-07-28T11:51:34.863Z""",29,false,1,2
151,87,1010,44,1,4,4,"""2012-07-28T11:51:58.036Z""",29,false,1,2
152,91,1076,45,1,27,27,"""2012-07-28T11:52:16.303Z""",29,false,1,2
153,89,941,58,1,19,19,"""2012-07-28T11:52:51.280Z""",29,false,1,2
154,92,878,46,1,24,26,"""2012-07-28T11:53:21.323Z""",29,false,1,2
155,86,1002,15,1,20,20,"""2012-07-28T11:53:32.670Z""",29,false,1,2
156,90,930,41,1,28,28,"""2012-07-28T11:54:00.853Z""",29,false,1,2
157,94,802,10,1,29,29,"""2012-07-28T11:54:13.276Z""",29,false,1,2
158,96,1066,23,1,22,22,"""2012-07-28T11:54:35.810Z""",29,false,1,2
159,94,1070,10,1,29,29,"""2012-07-28T11:55:22.836Z""",29,false,1,2
160,88,1062,43,1,21,21,"""2012-07-28T11:55:43.943Z""",29,false,1,2
161,87,847,13,1,4,4,"""2012-07-28T11:56:05.046Z""",29,false,1,2
162,86,867,46,1,20,20,"""2012-07-28T11:56:23.856Z""",29,false,1,2
163,85,877,40,1,26,26,"""2012-07-28T11:56:37.590Z""",29,false,1,2
164,85,967,8,1,26,26,"""2012-07-28T11:56:52.546Z""",29,false,1,2
165,93,808,27,1,23,23,"""2012-07-28T11:57:21.800Z""",29,false,1,2
166,89,923,47,1,19,19,"""2012-07-28T11:58:15.303Z""",29,false,1,2
167,93,842,27,1,23,23,"""2012-07-28T11:58:49.986Z""",29,false,1,2
168,96,783,26,1,22,22,"""2012-07-28T11:59:07.506Z""",29,false,1,2
169,96,940,6,1,22,22,"""2012-07-28T11:59:20.710Z""",29,false,1,2
170,96,903,37,1,22,22,"""2012-07-28T11:59:52.940Z""",29,false,1,2
171,91,748,4,1,27,27,"""2012-07-28T12:00:22.866Z""",29,false,1,2
172,88,948,38,1,21,21,"""2012-07-28T12:00:40.843Z""",29,false,1,2
173,94,1006,20,1,29,29,"""2012-07-28T12:01:11.686Z""",29,false,1,2
174,85,945,23,1,26,26,"""2012-07-28T12:01:27.343Z""",29,false,1,2
175,92,832,37,1,24,24,"""2012-07-28T12:02:10.876Z""",29,false,1,2
176,88,806,48,1,21,30,"""2012-07-28T12:23:21.946Z""",29,false,1,2
177,88,835,15,1,21,21,"""2012-07-28T12:23:36.700Z""",29,false,1,2
178,92,741,30,1,24,24,"""2012-07-28T12:23:52.393Z""",29,false,1,2
179,87,986,32,1,4,4,"""2012-07-28T12:24:08.223Z""",29,false,1,2
180,92,889,27,1,24,24,"""2012-07-28T12:24:28.480Z""",29,false,1,2
181,91,873,5,1,27,27,"""2012-07-28T12:24:44.140Z""",29,false,1,2
182,95,927,12,1,30,30,"""2012-07-28T12:25:01.323Z""",29,false,1,2
183,95,989,3,1,30,30,"""2012-07-28T12:25:14.410Z""",29,false,1,2
184,96,1044,4,1,22,22,"""2012-07-28T12:25:31.093Z""",29,false,1,2
185,88,809,33,1,21,21,"""2012-07-28T12:25:46.276Z""",29,false,1,2
186,86,1038,49,1,20,20,"""2012-07-28T12:26:01.486Z""",29,false,1,2
187,90,830,22,1,28,28,"""2012-07-28T12:26:15.840Z""",29,false,1,2
188,90,1077,27,1,28,28,"""2012-07-28T12:26:37.856Z""",29,false,1,2
189,86,1064,31,1,20,20,"""2012-07-28T12:26:52.216Z""",29,false,1,2
190,95,868,11,1,30,30,"""2012-07-28T12:27:04.783Z""",29,false,1,2
191,96,841,21,1,22,22,"""2012-07-28T12:27:18.853Z""",29,false,1,2
192,94,949,15,1,29,29,"""2012-07-28T12:27:33.316Z""",29,false,1,2
193,96,964,14,1,22,22,"""2012-07-28T12:27:50.950Z""",29,false,1,2
194,89,1092,2,1,19,19,"""2012-07-28T12:28:04.386Z""",29,false,1,2
195,91,908,15,1,27,27,"""2012-07-28T12:28:29.976Z""",29,false,1,2
196,87,1107,19,1,4,4,"""2012-07-28T12:31:22.256Z""",29,false,1,2
197,87,958,11,1,4,4,"""2012-07-28T12:32:54.026Z""",29,false,1,2
198,93,879,36,1,23,23,"""2012-07-28T12:33:12.560Z""",29,false,1,2
199,92,820,26,1,24,24,"""2012-07-28T12:34:41.593Z""",29,false,1,2
200,90,776,12,1,28,19,"""2012-07-28T12:35:02.776Z""",29,false,1,2
201,85,890,20,1,26,24,"""2012-07-28T12:35:14.986Z""",29,false,1,2
202,96,837,10,1,22,22,"""2012-07-28T12:35:35.633Z""",29,false,1,2
203,85,925,17,1,26,26,"""2012-07-28T12:35:46.430Z""",29,false,1,2
204,85,1040,18,1,26,26,"""2012-07-28T12:35:56.853Z""",29,false,1,2
205,96,939,5,1,22,22,"""2012-07-28T12:36:17.466Z""",29,false,1,2
206,95,972,10,1,30,30,"""2012-07-28T12:36:33.953Z""",29,false,1,2
207,96,901,6,1,22,22,"""2012-07-28T12:37:01.190Z""",29,false,1,2
208,96,855,10,1,22,22,"""2012-07-28T12:37:10.820Z""",29,false,1,2
209,85,907,21,1,26,26,"""2012-07-28T12:37:30.583Z""",29,false,1,2
210,89,811,9,1,19,19,"""2012-07-28T12:37:59.786Z""",29,false,1,2
211,87,1009,20,1,4,4,"""2012-07-28T12:38:33.676Z""",29,false,1,2
212,95,844,15,1,30,30,"""2012-07-28T12:38:51.096Z""",29,false,1,2
213,95,1108,12,1,30,30,"""2012-07-28T12:41:56.086Z""",29,false,1,2
214,96,756,5,1,22,22,"""2012-07-28T12:42:19.230Z""",29,false,1,2
215,86,1101,10,1,20,20,"""2012-07-28T12:43:11.990Z""",29,false,1,2
216,94,1109,18,1,29,29,"""2012-07-28T12:45:26.943Z""",29,false,1,2
217,95,803,4,1,30,30,"""2012-07-28T12:45:39.096Z""",29,false,1,2
218,95,884,6,1,30,30,"""2012-07-28T12:46:15.993Z""",29,false,1,2
219,85,910,2,1,26,26,"""2012-07-28T12:46:27.156Z""",29,false,1,2
220,96,885,5,1,22,22,"""2012-07-28T12:46:56.893Z""",29,false,1,2
221,93,870,10,1,23,23,"""2012-07-28T12:47:19.666Z""",29,false,1,2
222,92,1039,11,1,24,24,"""2012-07-28T12:47:41.890Z""",29,false,1,2
223,87,740,6,1,4,4,"""2012-07-28T12:47:51.873Z""",29,false,1,2
224,90,1059,5,1,28,28,"""2012-07-28T12:48:20.720Z""",29,false,1,2
225,95,854,9,1,30,30,"""2012-07-28T12:48:39.573Z""",29,false,1,2
226,89,1096,4,1,19,19,"""2012-07-28T12:49:00.763Z""",29,false,1,2
227,89,882,8,1,19,28,"""2012-07-28T12:49:11.176Z""",29,false,1,2
228,92,759,6,1,24,24,"""2012-07-28T12:49:26.056Z""",29,false,1,2
229,92,875,1,1,24,24,"""2012-07-28T12:49:35.286Z""",29,false,1,2
230,86,1060,12,1,20,20,"""2012-07-28T12:49:46.593Z""",29,false,1,2
231,86,1043,7,1,20,19,"""2012-07-28T12:49:55.903Z""",29,false,1,2
232,87,914,3,1,4,4,"""2012-07-28T12:50:08.263Z""",29,false,1,2
233,89,777,12,1,19,19,"""2012-07-28T12:50:26.540Z""",29,false,1,2
234,95,876,4,1,30,30,"""2012-07-28T12:50:45.466Z""",29,false,1,2
235,85,917,2,1,26,26,"""2012-07-28T12:50:55.486Z""",29,false,1,2
236,89,807,6,1,19,19,"""2012-07-28T12:51:07.956Z""",29,false,1,2
237,95,838,5,1,30,30,"""2012-07-28T12:51:21.953Z""",29,false,1,2
238,90,974,11,1,28,28,"""2012-07-28T12:51:43.873Z""",29,false,1,2
239,94,834,9,1,29,29,"""2012-07-28T12:51:58.480Z""",29,false,1,2
240,90,863,3,1,28,28,"""2012-07-28T12:52:46.313Z""",29,false,1,2
241,93,1016,4,1,23,23,"""2012-07-28T12:52:57.863Z""",29,false,1,2
242,92,815,6,1,24,24,"""2012-07-28T12:53:32.290Z""",29,false,1,2
243,91,913,3,1,27,27,"""2012-07-28T12:53:43.293Z""",29,false,1,2
244,96,1045,1,1,22,22,"""2012-07-28T12:53:56.196Z""",29,false,1,2
245,87,765,9,1,4,4,"""2012-07-28T12:54:12.590Z""",29,false,1,2
246,85,799,6,1,26,26,"""2012-07-28T12:54:24.510Z""",29,false,1,2
247,85,852,1,1,26,26,"""2012-07-28T12:54:32.763Z""",29,false,1,2
248,91,981,4,1,27,27,"""2012-07-28T12:54:47.016Z""",29,false,1,2
249,86,798,6,1,20,20,"""2012-07-28T12:55:01.263Z""",29,false,1,2
250,92,1073,3,1,24,24,"""2012-07-28T12:55:14.213Z""",29,false,1,2
251,90,1057,3,1,28,28,"""2012-07-28T12:55:50.446Z""",29,false,1,2
252,95,959,4,1,30,30,"""2012-07-28T12:56:10.640Z""",29,false,1,2
253,90,1072,2,1,28,28,"""2012-07-28T12:56:31.790Z""",29,false,1,2
254,89,762,8,1,19,19,"""2012-07-28T12:57:53.370Z""",29,false,1,2
255,86,1089,8,1,20,20,"""2012-07-28T12:58:08.986Z""",29,false,1,2
257,95,778,2,1,30,30,"""2012-07-28T13:08:32.970Z""",29,false,1,2
258,87,899,2,1,4,4,"""2012-07-28T13:15:18.266Z""",29,false,1,2
259,88,857,3,1,21,21,"""2012-07-28T13:15:37.433Z""",29,false,1,2
260,88,894,2,1,21,21,"""2012-07-28T13:15:43.950Z""",29,false,1,2
261,89,944,1,1,19,19,"""2012-07-28T13:16:03.196Z""",29,false,1,2
262,95,912,5,1,30,30,"""2012-07-28T13:22:07.240Z""",29,false,1,2
263,90,891,9,1,28,28,"""2012-07-28T13:22:42.936Z""",29,false,1,2
264,94,975,5,1,29,29,"""2012-07-28T13:23:09.043Z""",29,false,1,2
265,85,909,2,1,26,24,"""2012-07-28T13:23:18.166Z""",29,false,1,2
266,86,744,1,1,20,20,"""2012-07-28T13:23:30.826Z""",29,false,1,2
267,91,755,1,1,27,27,"""2012-07-28T13:23:45.990Z""",29,false,1,2
268,96,921,1,1,22,22,"""2012-07-28T13:24:09.046Z""",29,false,1,2
269,88,874,2,1,21,21,"""2012-07-28T13:24:40.943Z""",29,false,1,2
270,86,746,1,1,20,20,"""2012-07-28T13:24:51.983Z""",29,false,1,2
271,85,850,1,1,26,26,"""2012-07-28T13:25:03.880Z""",29,false,1,2
272,89,801,1,1,19,19,"""2012-07-28T13:25:15.990Z""",29,false,1,2
273,94,1087,4,1,29,29,"""2012-07-28T13:25:33.493Z""",29,false,1,2
274,88,827,2,1,21,21,"""2012-07-28T13:26:12.003Z""",29,false,1,2
275,94,1036,1,1,29,29,"""2012-07-28T13:26:31.246Z""",29,false,1,2
276,89,1110,2,1,19,19,"""2012-07-28T13:27:32.623Z""",29,false,1,2
277,93,1027,1,1,23,23,"""2012-07-28T13:27:50.463Z""",29,false,1,2
278,86,1068,1,1,20,20,"""2012-07-28T13:28:08.066Z""",29,false,1,2
279,91,1015,1,1,27,27,"""2012-07-28T13:28:20.126Z""",29,false,1,2
280,89,942,3,1,19,28,"""2012-07-28T13:28:32.693Z""",29,false,1,2
281,93,992,2,1,23,23,"""2012-07-28T13:29:12.586Z""",29,false,1,2
282,88,760,1,1,21,21,"""2012-07-28T13:29:28.263Z""",29,false,1,2
283,85,819,4,1,26,26,"""2012-07-28T13:29:54.513Z""",29,false,1,2
284,89,825,1,1,19,19,"""2012-07-28T13:30:10.430Z""",29,false,1,2
285,90,1105,1,1,28,28,"""2012-07-28T13:30:17.430Z""",29,false,1,2
286,86,926,4,1,20,20,"""2012-07-28T13:30:31.520Z""",29,false,1,2
287,94,932,3,1,29,29,"""2012-07-28T13:30:47.670Z""",29,false,1,2
288,92,1023,1,1,24,24,"""2012-07-28T13:31:00.896Z""",29,false,1,2
289,85,782,2,1,26,26,"""2012-07-28T13:36:54.433Z""",29,false,1,2
290,96,1021,1,1,22,22,"""2012-07-28T13:37:08.286Z""",29,false,1,2
291,87,1025,5,1,4,4,"""2012-07-28T13:37:20.806Z""",29,false,1,2
292,88,1035,3,1,21,21,"""2012-07-28T13:37:35.293Z""",29,false,1,2
293,85,957,2,1,26,26,"""2012-07-28T13:38:38.180Z""",29,false,1,2
294,89,906,1,1,19,19,"""2012-07-28T13:38:50.896Z""",29,false,1,2
295,90,936,1,1,28,28,"""2012-07-28T13:39:02.816Z""",29,false,1,2
296,93,766,1,1,23,23,"""2012-07-28T13:39:55.963Z""",29,false,1,2
297,94,1069,1,1,29,29,"""2012-07-28T13:40:09.040Z""",29,false,1,2
298,92,1065,1,1,24,24,"""2012-07-28T13:40:21.410Z""",29,false,1,2
299,86,836,1,1,20,20,"""2012-07-28T13:40:33.850Z""",29,false,1,2
300,91,775,1,1,27,27,"""2012-07-28T13:40:47.933Z""",29,false,1,2
301,87,1088,1,1,4,4,"""2012-07-28T13:41:06.443Z""",29,false,1,2
302,88,865,1,1,21,21,"""2012-07-28T13:41:23.103Z""",29,false,1,2
303,89,1090,3,1,19,19,"""2012-07-28T13:41:37.110Z""",29,false,1,2
304,90,761,1,1,28,28,"""2012-07-28T13:41:49.416Z""",29,false,1,2
305,93,994,1,1,23,23,"""2012-07-28T13:42:02.496Z""",29,false,1,2
306,94,1111,1,1,29,29,"""2012-07-28T13:43:05.270Z""",29,false,1,2
307,92,849,1,1,24,24,"""2012-07-28T13:43:17.156Z""",29,false,1,2
308,86,895,2,1,20,20,"""2012-07-28T13:43:28.166Z""",29,false,1,2
309,91,971,1,1,27,27,"""2012-07-28T13:43:42.820Z""",29,false,1,2
310,87,902,1,1,4,4,"""2012-07-28T13:43:59.296Z""",29,false,1,2
311,88,1034,1,1,21,21,"""2012-07-28T13:44:15.166Z""",29,false,1,2
312,90,1103,1,1,28,28,"""2012-07-28T13:44:31.790Z""",29,false,1,2
313,93,983,1,1,23,23,"""2012-07-28T13:44:46.163Z""",29,false,1,2
314,94,823,1,1,29,29,"""2012-07-28T13:44:57.683Z""",29,false,1,2
315,92,943,1,1,24,24,"""2012-07-28T13:45:16.103Z""",29,false,1,2
316,86,770,1,1,20,20,"""2012-07-28T13:45:32.110Z""",29,false,1,2
317,91,752,1,1,27,27,"""2012-07-28T13:45:48.033Z""",29,false,1,2
318,86,1071,3,1,20,20,"""2012-07-28T13:46:04.003Z""",29,false,1,2
319,88,976,1,1,21,21,"""2012-07-28T13:58:07.543Z""",29,false,1,2
320,90,990,1,1,28,28,"""2012-07-28T13:58:19.710Z""",29,false,1,2
321,93,794,1,1,23,23,"""2012-07-28T13:59:13.466Z""",29,false,1,2
322,94,915,1,1,29,29,"""2012-07-28T13:59:31.676Z""",29,false,1,2
323,92,979,1,1,24,24,"""2012-07-28T13:59:58.406Z""",29,false,1,2
324,88,893,1,1,21,21,"""2012-07-28T14:00:21.256Z""",29,false,1,2
325,87,747,1,1,4,4,"""2012-07-28T14:00:45.870Z""",29,false,1,2
326,90,1104,1,1,28,28,"""2012-07-28T14:01:40.370Z""",29,false,1,2
327,93,918,1,1,23,23,"""2012-07-28T14:02:02.420Z""",29,false,1,2
328,94,1026,1,1,29,29,"""2012-07-28T14:03:39.890Z""",29,false,1,2
329,92,826,1,1,24,24,"""2012-07-28T14:04:06.706Z""",29,false,1,2
330,92,800,1,1,24,24,"""2012-07-28T14:04:25.496Z""",29,false,1,2
331,88,938,1,1,21,21,"""2012-07-28T14:04:50.956Z""",29,false,1,2
332,88,1081,1,1,21,21,"""2012-07-28T14:04:59.526Z""",29,false,1,2
333,87,790,1,1,4,4,"""2012-07-28T14:05:16.333Z""",29,false,1,2
334,87,896,1,1,4,4,"""2012-07-28T14:05:26.326Z""",29,false,1,2
335,93,1098,1,1,23,23,"""2012-07-28T14:05:49.966Z""",29,false,1,2
336,93,1046,1,1,23,23,"""2012-07-28T14:06:01.486Z""",29,false,1,2
337,91,1000,1,1,27,27,"""2012-07-28T14:06:15.670Z""",29,false,1,2
338,91,916,1,1,27,27,"""2012-07-28T14:06:27.063Z""",29,false,1,2
339,91,1112,1,1,27,27,"""2012-07-28T14:07:03.426Z""",29,false,1,2
340,93,1051,1,1,23,23,"""2012-07-28T14:07:15.933Z""",29,false,1,2
436,152,941,66,1,19,19,"""2012-08-17T14:19:56.873Z""",37,false,1,2
437,152,762,16,1,19,19,"""2012-08-17T14:20:01.166Z""",37,false,1,2
438,148,957,10,1,26,4,"""2012-08-17T14:20:02.700Z""",37,false,1,2
439,153,942,11,1,28,28,"""2012-08-17T14:20:04.956Z""",37,false,1,2
440,153,882,16,1,28,28,"""2012-08-17T14:20:07.073Z""",37,false,1,2
441,153,974,19,1,28,28,"""2012-08-17T14:20:08.976Z""",37,false,1,2
442,157,1036,9,1,29,29,"""2012-08-17T14:20:10.683Z""",37,false,1,2
443,157,975,13,1,29,29,"""2012-08-17T14:20:12.213Z""",37,false,1,2
444,157,977,61,1,29,29,"""2012-08-17T14:20:15.903Z""",37,false,1,2
445,149,1038,57,1,20,20,"""2012-08-17T14:20:17.046Z""",37,false,1,2
446,149,1060,20,1,20,28,"""2012-08-17T14:20:18.250Z""",37,false,1,2
447,149,1043,15,1,20,19,"""2012-08-17T14:20:18.946Z""",37,false,1,2
448,158,959,12,1,30,30,"""2012-08-17T14:20:19.206Z""",37,false,1,2
449,158,927,20,1,30,30,"""2012-08-17T14:20:19.596Z""",37,false,1,2
450,158,846,53,1,30,21,"""2012-08-17T14:20:21.203Z""",37,false,1,2
451,159,920,32,1,22,22,"""2012-08-17T14:20:22.743Z""",37,false,1,2
452,159,756,13,1,22,22,"""2012-08-17T14:20:22.950Z""",37,false,1,2
453,159,921,9,1,22,22,"""2012-08-17T14:20:23.066Z""",37,false,1,2
454,156,879,44,1,23,23,"""2012-08-17T14:20:23.163Z""",37,false,1,2
455,156,808,35,1,23,23,"""2012-08-17T14:20:23.266Z""",37,false,1,2
456,155,890,28,1,24,24,"""2012-08-17T14:20:23.393Z""",37,false,1,2
457,151,806,56,1,21,30,"""2012-08-17T14:20:23.516Z""",37,false,1,2
458,151,976,9,1,21,21,"""2012-08-17T14:20:23.636Z""",37,false,1,2
459,154,832,41,1,27,27,"""2012-08-17T15:10:49.903Z""",37,false,1,1
460,155,766,13,1,24,24,"""2012-08-17T15:11:49.510Z""",37,false,1,1
461,151,783,13,1,21,21,"""2012-08-17T15:13:20.083Z""",37,false,1,1
462,152,741,29,1,19,19,"""2012-08-17T15:15:43.883Z""",37,false,1,1
463,159,871,40,1,22,22,"""2012-08-17T15:18:11.286Z""",37,false,1,1
464,148,923,45,1,26,26,"""2012-08-17T15:20:13.983Z""",37,false,1,1
465,148,1083,36,1,26,26,"""2012-08-17T15:23:07.626Z""",37,false,1,1
466,156,1137,27,1,23,23,"""2012-08-17T15:27:16.993Z""",37,false,1,1
467,151,937,2,1,21,21,"""2012-08-17T15:27:27.163Z""",37,false,1,1
468,157,1138,15,1,29,29,"""2012-08-17T15:30:42.553Z""",37,false,1,1
469,154,1095,28,1,27,27,"""2012-08-17T15:31:54.516Z""",37,false,1,1
470,153,867,46,1,28,28,"""2012-08-17T15:34:04.166Z""",37,false,1,1
471,150,1010,50,1,4,4,"""2012-08-17T15:35:48.283Z""",37,false,1,1
472,153,810,20,1,28,27,"""2012-08-17T15:37:50.896Z""",37,false,1,1
473,151,878,22,1,21,21,"""2012-08-17T15:40:40.440Z""",37,false,1,1
474,154,943,24,1,27,27,"""2012-08-17T15:42:23.243Z""",37,false,1,1
475,154,903,27,1,27,27,"""2012-08-17T15:43:35.580Z""",37,false,1,1
476,154,793,34,1,27,27,"""2012-08-17T15:46:20.486Z""",37,false,1,1
477,157,1064,23,1,29,29,"""2012-08-17T15:48:05.350Z""",37,false,1,1
478,154,754,8,1,27,27,"""2012-08-17T15:50:17.140Z""",37,false,1,1
479,148,1140,17,1,26,26,"""2012-08-17T15:53:32.840Z""",37,false,1,1
480,159,939,3,1,22,22,"""2012-08-17T15:55:10.903Z""",37,false,1,1
481,158,809,16,1,30,30,"""2012-08-17T15:56:51.570Z""",37,false,1,1
482,157,1061,17,1,29,29,"""2012-08-17T15:58:16.326Z""",37,false,1,1
483,150,1077,17,1,4,4,"""2012-08-17T16:00:57.410Z""",37,false,1,1
484,153,970,26,1,28,28,"""2012-08-17T16:02:32.586Z""",37,false,1,1
485,158,999,19,1,30,30,"""2012-08-17T16:05:17.493Z""",37,false,1,1
486,156,1141,16,1,23,20,"""2012-08-17T16:08:30.186Z""",37,false,1,1
487,158,938,8,1,30,30,"""2012-08-17T16:09:27.530Z""",37,false,1,1
488,155,1066,18,1,24,24,"""2012-08-17T16:11:54.733Z""",37,false,1,1
489,153,820,13,1,28,28,"""2012-08-17T16:13:48.270Z""",37,false,1,1
490,150,855,18,1,4,4,"""2012-08-17T16:15:58.950Z""",37,false,1,1
491,150,877,32,1,4,4,"""2012-08-17T16:18:00.256Z""",37,false,1,1
493,156,967,5,1,23,23,"""2012-08-17T16:22:04.753Z""",37,true,1,1
494,149,842,17,1,20,20,"""2012-08-17T16:24:02.426Z""",37,false,1,1
495,154,1142,22,1,27,27,"""2012-08-17T16:27:23.493Z""",37,false,1,1
496,155,1074,48,1,24,24,"""2012-08-17T16:42:03.896Z""",37,false,1,1
497,148,778,15,1,26,26,"""2012-08-17T16:44:21.720Z""",37,false,1,1
498,159,907,15,1,22,22,"""2012-08-17T16:46:42.606Z""",37,false,1,1
499,158,889,17,1,30,30,"""2012-08-17T16:48:49.836Z""",37,false,1,1
500,149,986,36,1,20,20,"""2012-08-17T16:51:24.653Z""",37,false,1,1
501,150,817,30,1,4,26,"""2012-08-17T16:52:43.416Z""",37,false,1,1
502,148,748,2,1,26,26,"""2012-08-17T16:53:47.626Z""",37,false,1,1
503,159,845,29,1,22,22,"""2012-08-17T16:56:52.503Z""",37,false,1,1
504,154,873,2,1,27,27,"""2012-08-17T16:58:17.303Z""",37,false,1,1
505,151,1076,32,1,21,21,"""2012-08-17T16:59:56.520Z""",37,false,1,1
506,157,948,26,1,29,29,"""2012-08-17T17:02:33.270Z""",37,false,1,1
507,155,892,24,1,24,24,"""2012-08-17T17:05:07.286Z""",37,false,1,1
508,158,1143,7,1,30,30,"""2012-08-17T17:08:16.860Z""",37,false,1,1
509,152,945,18,1,19,19,"""2012-08-17T17:10:13.953Z""",37,false,1,1
510,151,1032,3,1,21,21,"""2012-08-17T17:11:33.543Z""",37,false,1,1
511,159,958,6,1,22,22,"""2012-08-17T17:13:12.870Z""",37,false,1,1
512,158,874,2,1,30,30,"""2012-08-17T17:14:22.336Z""",37,false,1,1
513,158,1144,12,1,30,30,"""2012-08-17T17:17:19.256Z""",37,false,1,1
514,156,799,9,1,23,23,"""2012-08-17T17:18:08.206Z""",37,false,1,1
515,151,1039,17,1,21,21,"""2012-08-17T17:19:47.346Z""",37,false,1,1
516,153,740,17,1,28,28,"""2012-08-17T17:21:49.196Z""",37,false,1,1
517,152,841,24,1,19,23,"""2012-08-17T17:23:59.800Z""",37,false,1,1
518,159,1025,7,1,22,22,"""2012-08-17T17:25:54.396Z""",37,false,1,1
519,157,1071,2,1,29,29,"""2012-08-17T17:27:00.060Z""",37,false,1,1
520,158,814,7,1,30,30,"""2012-08-17T17:28:17.123Z""",37,false,1,1
521,148,968,10,1,26,4,"""2012-08-17T17:30:21.626Z""",37,false,1,1
522,148,765,13,1,26,26,"""2012-08-17T17:32:12.403Z""",37,false,1,1
523,156,830,10,1,23,23,"""2012-08-17T17:34:28.886Z""",37,false,1,1
524,158,956,1,1,30,30,"""2012-08-17T17:35:40.070Z""",37,false,1,1
525,148,1139,13,1,26,26,"""2012-08-17T17:38:12.450Z""",37,false,1,1
526,154,755,1,1,27,28,"""2012-08-17T17:39:08.016Z""",37,false,1,1
527,159,773,21,1,22,22,"""2012-08-17T17:41:44.096Z""",37,false,1,1
528,157,857,6,1,29,29,"""2012-08-17T17:42:46.246Z""",37,false,1,1
529,148,1033,10,1,26,26,"""2012-08-17T17:43:49.566Z""",37,false,1,1
530,153,757,8,1,28,28,"""2012-08-17T17:45:05.710Z""",37,false,1,1
531,159,1101,12,1,22,22,"""2012-08-17T17:47:00.666Z""",37,false,1,1
532,152,776,16,1,19,19,"""2012-08-17T17:49:09.866Z""",37,false,1,1
533,159,1044,3,1,22,22,"""2012-08-17T17:51:14.586Z""",37,false,1,1
534,148,1013,12,1,26,26,"""2012-08-17T17:53:11.260Z""",37,false,1,1
535,157,981,5,1,29,29,"""2012-08-17T17:54:34.296Z""",37,false,1,1
536,148,847,7,1,26,26,"""2012-08-17T17:55:23.406Z""",37,false,1,1
537,155,930,19,1,24,24,"""2012-08-17T17:56:35.340Z""",37,false,1,1
538,159,1070,2,1,22,22,"""2012-08-17T17:57:37.896Z""",37,false,1,1
539,151,862,16,1,21,21,"""2012-08-17T18:00:08.386Z""",37,false,1,1
540,149,1129,2,1,20,20,"""2012-08-17T18:01:27.806Z""",37,false,1,1
541,149,1009,5,1,20,29,"""2012-08-17T18:02:47.990Z""",37,false,1,1
542,149,1067,20,1,20,20,"""2012-08-17T18:04:44.913Z""",37,false,1,1
543,152,1081,6,1,19,19,"""2012-08-17T18:06:29.933Z""",37,false,1,1
544,150,838,7,1,4,4,"""2012-08-17T18:08:19.896Z""",37,false,1,1
545,151,989,2,1,21,21,"""2012-08-17T18:09:37.413Z""",37,false,1,1
546,151,1040,17,1,21,21,"""2012-08-17T18:11:19.796Z""",37,false,1,1
547,157,916,1,1,29,29,"""2012-08-17T18:12:21.836Z""",37,false,1,1
548,158,884,6,1,30,30,"""2012-08-17T18:13:42.863Z""",37,false,1,1
549,150,1145,7,1,4,4,"""2012-08-17T18:16:44.463Z""",37,false,1,1
550,155,863,7,1,24,24,"""2012-08-17T18:18:36.846Z""",37,false,1,1
551,152,908,6,1,19,19,"""2012-08-17T18:20:17.513Z""",37,false,1,1
552,149,1109,5,1,20,20,"""2012-08-17T18:21:47.696Z""",37,false,1,1
553,153,759,3,1,28,28,"""2012-08-17T18:23:51.046Z""",37,false,1,1
554,159,940,3,1,22,22,"""2012-08-17T18:25:01.510Z""",37,false,1,1
555,158,833,14,1,30,30,"""2012-08-17T18:26:17.576Z""",37,false,1,1
556,152,771,2,1,19,19,"""2012-08-17T18:27:06.013Z""",37,false,1,1
557,155,868,15,1,24,24,"""2012-08-17T18:28:19.990Z""",37,false,1,1
558,157,811,11,1,29,29,"""2012-08-17T18:30:16.350Z""",37,false,1,1
559,158,1016,3,1,30,30,"""2012-08-17T18:31:07.736Z""",37,false,1,1
560,156,831,5,1,23,23,"""2012-08-17T18:32:23.176Z""",37,false,1,1
561,156,1028,6,1,23,23,"""2012-08-17T18:33:53.643Z""",37,false,1,1
562,154,1108,2,1,27,28,"""2012-08-17T18:34:58.586Z""",37,false,1,1
563,152,760,2,1,19,19,"""2012-08-17T18:35:56.710Z""",37,false,1,1
564,153,964,7,1,28,28,"""2012-08-17T18:37:31.963Z""",37,false,1,1
565,151,894,1,1,21,21,"""2012-08-17T18:37:57.720Z""",37,false,1,1
566,150,1146,6,1,4,26,"""2012-08-17T18:39:51.663Z""",37,false,1,1
567,153,1092,2,1,28,28,"""2012-08-17T18:41:05.826Z""",37,false,1,1
568,156,982,3,1,23,23,"""2012-08-17T18:42:09.113Z""",37,false,1,1
569,159,1073,3,1,22,22,"""2012-08-17T18:43:22.513Z""",37,false,1,1
570,158,1002,2,1,30,30,"""2012-08-17T18:44:08.360Z""",37,false,1,1
571,152,807,1,1,19,19,"""2012-08-17T18:44:43.646Z""",37,false,1,1
572,148,925,2,1,26,26,"""2012-08-17T18:46:48.026Z""",37,false,1,1
573,156,1089,10,1,23,23,"""2012-08-17T18:48:54.073Z""",37,false,1,1
574,149,902,2,1,20,20,"""2012-08-17T18:50:12.216Z""",37,false,1,1
575,153,744,4,1,28,28,"""2012-08-17T18:51:37.343Z""",37,false,1,1
576,150,1046,2,1,4,4,"""2012-08-17T18:53:06.156Z""",37,false,1,1
577,153,914,2,1,28,28,"""2012-08-17T18:55:30.440Z""",37,false,1,1
579,148,876,2,1,26,26,"""2012-08-17T18:58:10.526Z""",37,false,1,1
580,157,1147,5,1,29,29,"""2012-08-17T18:58:28.826Z""",37,false,1,1
581,155,1088,7,1,24,24,"""2012-08-17T18:58:58.840Z""",37,false,1,1
582,150,747,2,1,4,4,"""2012-08-17T18:59:09.916Z""",37,false,1,1
583,155,1034,7,1,24,24,"""2012-08-17T19:00:02.580Z""",37,false,1,1
584,154,782,1,1,27,27,"""2012-08-17T19:00:29.693Z""",37,false,1,1
585,159,1059,1,1,22,22,"""2012-08-17T19:01:27.366Z""",37,false,1,1
586,149,767,2,1,20,20,"""2012-08-17T19:04:04.990Z""",37,false,1,1
587,154,885,2,1,27,27,"""2012-08-17T19:06:00.710Z""",37,false,1,1
588,153,926,3,1,28,28,"""2012-08-17T19:06:54.250Z""",37,false,1,1
589,151,865,1,1,21,21,"""2012-08-17T19:08:09.660Z""",37,false,1,1
590,150,802,3,1,4,4,"""2012-08-17T19:09:09.050Z""",37,false,1,1
591,150,875,2,1,4,4,"""2012-08-17T19:11:54.673Z""",37,false,1,1
592,156,803,3,1,23,23,"""2012-08-17T19:13:18.523Z""",37,false,1,1
593,157,1062,3,1,29,29,"""2012-08-17T19:14:00.706Z""",37,false,1,1
594,158,1130,1,1,30,30,"""2012-08-17T19:16:22.293Z""",37,false,1,1
595,152,880,2,1,19,19,"""2012-08-17T19:16:33.790Z""",37,false,1,1
596,155,798,4,1,24,24,"""2012-08-17T19:17:03.943Z""",37,false,1,1
597,155,768,1,1,24,24,"""2012-08-17T19:17:49.996Z""",37,false,1,1
598,149,918,13,1,20,20,"""2012-08-17T19:19:09.523Z""",37,false,1,1
599,153,1072,1,1,28,28,"""2012-08-17T19:20:59.660Z""",37,false,1,1
600,155,917,3,1,24,24,"""2012-08-17T19:22:47.286Z""",37,false,1,1
601,153,825,2,1,28,28,"""2012-08-17T19:25:24.936Z""",37,false,1,1
602,156,1148,1,1,23,23,"""2012-08-17T19:27:46.710Z""",37,false,1,1
603,149,823,2,1,20,20,"""2012-08-17T19:28:25.696Z""",37,false,1,1
604,150,1097,6,1,4,4,"""2012-08-17T19:29:04.866Z""",37,false,1,1
605,159,785,1,1,22,22,"""2012-08-17T19:29:36.333Z""",37,false,1,1
606,155,891,1,1,24,24,"""2012-08-17T19:30:00.916Z""",37,false,1,1
607,149,1107,1,1,20,20,"""2012-08-17T19:30:44.146Z""",37,false,1,1
608,151,818,3,1,21,21,"""2012-08-17T19:31:20.900Z""",37,false,1,1
609,150,1149,1,1,4,4,"""2012-08-17T19:33:03.266Z""",37,false,1,1
610,150,1122,4,1,4,4,"""2012-08-17T19:34:36.616Z""",37,false,1,1
611,156,1027,1,1,23,23,"""2012-08-17T19:35:09.533Z""",37,false,1,1
612,157,1117,1,1,29,29,"""2012-08-17T19:35:23.276Z""",37,false,1,1
613,152,837,2,1,19,19,"""2012-08-17T19:40:13.046Z""",37,false,1,1
614,152,843,5,1,19,19,"""2012-08-17T19:40:40.566Z""",37,false,1,1
615,154,966,1,1,27,27,"""2012-08-17T19:41:29.893Z""",37,false,1,1
616,155,971,1,1,24,24,"""2012-08-17T19:42:17.956Z""",37,false,1,1
617,149,936,1,1,20,20,"""2012-08-17T19:42:53.773Z""",37,false,1,1
618,151,1150,1,1,21,21,"""2012-08-17T19:43:45.456Z""",37,false,1,1
619,156,1151,2,1,23,23,"""2012-08-17T19:46:22.266Z""",37,false,1,1
620,157,1045,1,1,29,29,"""2012-08-17T19:46:44.670Z""",37,false,1,1
621,152,1090,1,1,19,19,"""2012-08-17T19:47:15.323Z""",37,false,1,1
622,155,800,1,1,24,24,"""2012-08-17T19:47:44.916Z""",37,false,1,1
623,149,749,1,1,20,20,"""2012-08-17T19:48:25.116Z""",37,false,1,1
624,156,850,5,1,23,23,"""2012-08-17T19:49:12.776Z""",37,false,1,1
625,156,1015,1,1,23,23,"""2012-08-17T19:50:57.700Z""",37,false,1,1
626,157,895,1,1,29,29,"""2012-08-17T19:51:32.066Z""",37,false,1,1
627,155,852,3,1,24,24,"""2012-08-17T19:52:57.960Z""",37,false,1,1
628,152,1068,2,1,19,19,"""2012-08-17T19:53:24.916Z""",37,false,1,1
629,151,770,1,1,21,21,"""2012-08-17T19:54:15.276Z""",37,false,1,1
630,149,750,1,1,20,20,"""2012-08-17T19:55:47.986Z""",37,false,1,1
631,151,1110,1,1,21,21,"""2012-08-17T19:56:04.476Z""",37,false,1,1
632,150,1084,3,1,4,4,"""2012-08-17T19:56:29.373Z""",37,false,1,1
633,152,961,1,1,19,19,"""2012-08-17T19:57:09.246Z""",37,false,1,1
634,150,1103,3,1,4,4,"""2012-08-17T19:57:38.166Z""",37,false,1,1
635,154,1132,1,1,27,27,"""2012-08-17T20:00:39.143Z""",37,false,1,1
636,154,955,1,1,27,27,"""2012-08-17T20:01:09.313Z""",37,false,1,1
637,148,990,1,1,26,26,"""2012-08-18T09:29:34.626Z""",37,false,1,1
638,148,963,1,1,26,26,"""2012-08-18T09:30:09.276Z""",37,false,1,1
639,148,1120,1,1,26,26,"""2012-08-18T09:38:24.470Z""",37,false,1,1
640,162,957,26,1,4,4,"""2013-08-25T14:34:19.610Z""",38,false,1,3
641,165,882,32,1,28,28,"""2013-08-25T14:34:19.643Z""",38,false,1,3
642,165,1060,36,1,28,28,"""2013-08-25T14:34:19.666Z""",38,false,1,3
643,164,1043,31,1,19,19,"""2013-08-25T14:34:19.693Z""",38,false,1,3
644,171,756,29,1,22,22,"""2013-08-25T14:34:19.710Z""",38,false,1,3
645,168,879,60,1,23,23,"""2013-08-25T14:34:19.730Z""",38,false,1,3
646,166,832,49,1,27,27,"""2013-08-25T14:34:19.753Z""",38,false,1,2
647,167,766,21,1,24,24,"""2013-08-25T14:34:19.770Z""",38,false,1,2
648,168,1137,35,1,23,23,"""2013-08-25T14:34:19.786Z""",38,false,1,2
649,169,1138,23,1,29,29,"""2013-08-25T14:34:19.803Z""",38,false,1,2
650,166,1095,36,1,27,27,"""2013-08-25T14:34:19.826Z""",38,false,1,2
651,170,809,24,1,30,30,"""2013-08-25T14:34:20.253Z""",38,false,1,2
652,161,1141,24,1,20,20,"""2013-08-25T14:34:20.276Z""",38,false,1,2
653,162,855,26,1,4,4,"""2013-08-25T14:34:20.303Z""",38,false,1,2
654,160,817,38,1,26,26,"""2013-08-25T14:34:20.326Z""",38,false,1,2
655,168,841,32,1,23,23,"""2013-08-25T14:34:20.356Z""",38,false,1,2
656,162,968,18,1,4,4,"""2013-08-25T14:34:20.390Z""",38,false,1,2
657,160,1139,21,1,26,26,"""2013-08-25T14:34:20.430Z""",38,false,1,2
658,171,773,29,1,22,22,"""2013-08-25T14:34:20.466Z""",38,false,1,2
659,169,857,14,1,29,29,"""2013-08-25T14:34:20.496Z""",38,false,1,2
660,169,1009,13,1,29,29,"""2013-08-25T14:34:20.523Z""",38,false,1,2
661,170,884,14,1,30,30,"""2013-08-25T14:34:20.550Z""",38,false,1,2
662,160,1146,14,1,26,26,"""2013-08-25T14:34:20.580Z""",38,false,1,2
663,170,1002,10,1,30,30,"""2013-08-25T14:34:20.613Z""",38,false,1,2
664,171,1038,62,1,22,22,"""2013-08-25T15:11:16.236Z""",38,false,1,1
665,169,923,55,1,29,29,"""2013-08-25T15:12:39.890Z""",38,false,1,1
666,164,1152,20,1,19,19,"""2013-08-25T15:14:24.423Z""",38,false,1,1
667,163,1140,18,1,21,21,"""2013-08-25T15:15:42.043Z""",38,false,1,1
668,163,941,64,1,21,21,"""2013-08-25T15:18:04.046Z""",38,false,1,1
669,166,1083,33,1,27,27,"""2013-08-25T15:20:31.490Z""",38,false,1,1
670,164,1101,3,1,19,19,"""2013-08-25T15:23:46.203Z""",38,false,1,1
671,166,1046,6,1,27,27,"""2013-08-25T15:26:55.533Z""",38,false,1,1
672,170,977,53,1,30,30,"""2013-08-25T15:29:32.256Z""",38,false,1,1
673,168,933,30,1,23,23,"""2013-08-25T15:31:24.596Z""",38,false,1,1
674,165,1010,36,1,28,28,"""2013-08-25T15:33:25.306Z""",38,false,1,1
675,167,867,52,1,24,24,"""2013-08-25T15:35:34.886Z""",38,false,1,1
676,171,1179,42,1,22,22,"""2013-08-25T15:39:25.553Z""",38,false,1,1
677,165,975,15,1,28,28,"""2013-08-25T15:41:18.183Z""",38,false,1,1
678,170,1074,55,1,30,30,"""2013-08-25T15:44:37.866Z""",38,false,1,1
679,164,793,36,1,19,19,"""2013-08-25T15:48:40.466Z""",38,false,1,1
680,161,741,40,1,20,20,"""2013-08-25T15:50:42.066Z""",38,false,1,1
681,164,999,36,1,19,19,"""2013-08-25T15:53:40.430Z""",38,false,1,1
682,165,920,42,1,28,28,"""2013-08-25T15:57:00.223Z""",38,false,1,1
683,169,986,19,1,29,29,"""2013-08-25T16:00:21.296Z""",38,true,1,1
684,162,877,29,1,4,4,"""2013-08-25T16:02:17.920Z""",38,false,1,1
685,161,950,33,1,20,20,"""2013-08-25T16:06:50.643Z""",38,false,1,1
686,167,846,44,1,24,24,"""2013-08-25T16:10:18.733Z""",38,false,1,1
687,160,1182,6,1,26,26,"""2013-08-25T16:12:17.990Z""",38,false,1,1
688,168,930,18,1,23,23,"""2013-08-25T16:15:29.203Z""",38,false,1,1
689,160,943,20,1,26,26,"""2013-08-25T16:17:25.126Z""",38,false,1,1
690,170,749,4,1,30,30,"""2013-08-25T16:42:15.933Z""",38,false,1,1
691,160,1142,23,1,26,26,"""2013-08-25T16:43:59.570Z""",38,false,1,1
692,162,1036,11,1,4,19,"""2013-08-25T16:46:12.396Z""",38,false,1,1
693,166,830,15,1,27,27,"""2013-08-25T16:47:39.063Z""",38,false,1,1
694,164,903,35,1,19,19,"""2013-08-25T16:50:16.983Z""",38,false,1,1
695,169,938,3,1,29,29,"""2013-08-25T16:52:22.193Z""",38,false,1,1
696,161,971,8,1,20,20,"""2013-08-25T16:54:04.433Z""",38,false,1,1
697,163,970,15,1,21,21,"""2013-08-25T16:56:36.256Z""",38,false,1,1
699,161,871,12,1,20,20,"""2013-08-25T16:59:18.966Z""",38,false,1,1
700,163,845,20,1,21,21,"""2013-08-25T17:00:42.096Z""",38,false,1,1
701,161,890,12,1,20,20,"""2013-08-25T17:02:29.980Z""",38,false,1,1
702,162,1178,17,1,4,4,"""2013-08-25T17:03:47.763Z""",38,false,1,1
703,170,0,20,1,30,30,"""2013-08-25T17:05:22.346Z""",38,false,1,1
704,162,744,6,1,4,4,"""2013-08-25T17:07:38.636Z""",38,false,1,1
705,163,927,9,1,21,21,"""2013-08-25T17:09:12.163Z""",38,false,1,1
706,166,1039,16,1,27,27,"""2013-08-25T17:11:01.386Z""",38,false,1,1
707,160,808,19,1,26,26,"""2013-08-25T17:12:59.930Z""",38,false,1,1
708,164,806,5,1,19,19,"""2013-08-25T17:14:30.583Z""",38,false,1,1
709,169,1076,25,1,29,29,"""2013-08-25T17:18:50.420Z""",38,false,1,1
710,167,1013,19,1,24,24,"""2013-08-25T17:20:45.073Z""",38,false,1,1
711,166,1066,4,1,27,27,"""2013-08-25T17:22:08.683Z""",38,false,1,1
712,162,847,10,1,4,22,"""2013-08-25T17:23:12.450Z""",38,false,1,1
713,163,1005,13,1,21,21,"""2013-08-25T17:24:58.773Z""",38,false,1,1
714,161,820,25,1,20,20,"""2013-08-25T17:26:24.940Z""",38,false,1,1
715,170,959,11,1,30,30,"""2013-08-25T17:27:59.140Z""",38,false,1,1
716,160,1181,22,1,26,26,"""2013-08-25T17:29:19.986Z""",38,false,1,1
717,164,1067,12,1,19,19,"""2013-08-25T17:30:53.346Z""",38,false,1,1
718,171,889,10,1,22,22,"""2013-08-25T17:32:51.906Z""",38,false,1,1
719,163,974,7,1,21,21,"""2013-08-25T17:34:32.763Z""",38,false,1,1
720,160,754,5,1,26,26,"""2013-08-25T17:35:57.800Z""",38,false,1,1
721,166,944,9,1,27,27,"""2013-08-25T17:37:47.383Z""",38,false,1,1
722,160,1226,13,1,26,26,"""2013-08-25T17:39:11.453Z""",38,true,1,1
723,165,862,15,1,28,28,"""2013-08-25T17:42:28.796Z""",38,false,1,1
724,167,1041,10,1,24,24,"""2013-08-25T17:43:45.943Z""",38,false,1,1
725,161,838,15,1,20,20,"""2013-08-25T17:45:08.616Z""",38,false,1,1
726,168,1064,14,1,23,23,"""2013-08-25T17:46:36.963Z""",38,false,1,1
727,167,892,15,1,24,24,"""2013-08-25T17:48:25.066Z""",38,false,1,1
728,163,1186,10,1,21,21,"""2013-08-25T17:50:26.396Z""",38,false,1,1
729,162,1227,8,1,4,4,"""2013-08-25T17:52:18.543Z""",38,false,1,1
730,166,1006,3,1,27,27,"""2013-08-25T17:53:42.326Z""",38,false,1,1
731,171,1097,4,1,22,22,"""2013-08-25T17:55:40.316Z""",38,false,1,1
732,163,1071,3,1,21,21,"""2013-08-25T17:56:57.213Z""",38,false,1,1
733,161,1040,7,1,20,20,"""2013-08-25T17:59:46.456Z""",38,false,1,1
734,168,811,1,1,23,23,"""2013-08-25T18:01:13.923Z""",38,false,1,1
735,163,967,3,1,21,21,"""2013-08-25T18:02:45.176Z""",38,false,1,1
736,171,1016,1,1,22,22,"""2013-08-25T18:03:55.493Z""",38,false,1,1
737,161,748,5,1,20,20,"""2013-08-25T18:05:06.143Z""",38,false,1,1
738,171,757,8,1,22,22,"""2013-08-25T18:07:17.500Z""",38,false,1,1
739,169,814,4,1,29,29,"""2013-08-25T18:08:19.376Z""",38,false,1,1
740,162,1185,13,1,4,4,"""2013-08-25T18:09:44.800Z""",38,false,1,1
741,163,810,5,1,21,21,"""2013-08-25T18:11:22.380Z""",38,false,1,1
742,169,1062,7,1,29,29,"""2013-08-25T18:12:40.236Z""",38,false,1,1
743,160,842,9,1,26,26,"""2013-08-25T18:14:00.246Z""",38,false,1,1
744,162,876,3,1,4,4,"""2013-08-25T18:15:16.466Z""",38,false,1,1
745,164,898,5,1,19,19,"""2013-08-25T18:16:21.646Z""",38,false,1,1
746,162,1230,5,1,4,28,"""2013-08-25T18:16:59.106Z""",38,false,1,1
747,163,1107,4,1,21,21,"""2013-08-25T18:18:51.553Z""",38,false,1,1
748,171,1081,3,1,22,22,"""2013-08-25T18:20:30.376Z""",38,false,1,1
749,167,771,2,1,24,24,"""2013-08-25T18:33:33.673Z""",38,false,1,1
750,161,1180,9,1,20,20,"""2013-08-25T18:34:43.736Z""",38,false,1,1
751,171,1135,2,1,22,22,"""2013-08-25T18:36:01.246Z""",38,false,1,1
752,162,1264,7,1,4,4,"""2013-08-25T18:38:37.153Z""",38,false,1,1
753,160,945,5,1,26,26,"""2013-08-25T18:41:14.633Z""",38,false,1,1
754,169,1126,1,1,29,29,"""2013-08-25T18:42:26.353Z""",38,false,1,1
755,166,1232,2,1,27,27,"""2013-08-25T18:43:52.330Z""",38,false,1,1
756,167,1129,1,1,24,24,"""2013-08-25T18:44:57.330Z""",38,false,1,1
757,164,1134,2,1,19,19,"""2013-08-25T18:45:22.030Z""",38,false,1,1
758,167,1055,2,1,24,24,"""2013-08-25T18:46:38.373Z""",38,false,1,1
759,169,765,2,1,29,29,"""2013-08-25T18:48:14.696Z""",38,false,1,1
760,163,964,5,1,21,21,"""2013-08-25T18:49:01.623Z""",38,false,1,1
761,162,791,3,1,4,4,"""2013-08-25T18:49:59.433Z""",38,false,1,1
762,166,1252,4,1,27,27,"""2013-08-25T18:51:08.546Z""",38,false,1,1
763,165,1133,2,1,28,28,"""2013-08-25T18:52:11.923Z""",38,false,1,1
764,162,740,7,1,4,20,"""2013-08-25T18:54:43.023Z""",38,false,1,1
765,166,1028,3,1,27,27,"""2013-08-25T18:55:59.336Z""",38,false,1,1
766,169,1068,1,1,29,29,"""2013-08-25T18:57:18.956Z""",38,false,1,1
767,165,948,2,1,28,28,"""2013-08-25T18:58:09.370Z""",38,false,1,1
768,167,940,2,1,24,24,"""2013-08-25T18:58:53.290Z""",38,false,1,1
769,162,770,4,1,4,4,"""2013-08-25T18:59:15.153Z""",38,false,1,1
770,165,1070,2,1,28,28,"""2013-08-25T19:00:03.236Z""",38,false,1,1
771,163,1108,4,1,21,21,"""2013-08-25T19:01:18.246Z""",38,false,1,1
772,171,1073,1,1,22,4,"""2013-08-25T19:02:20.603Z""",38,true,1,1
773,160,750,1,1,26,26,"""2013-08-25T19:02:48.870Z""",38,false,1,1
774,165,1228,5,1,28,28,"""2013-08-25T19:04:05.030Z""",38,false,1,1
775,167,1089,2,1,24,24,"""2013-08-25T19:05:23.260Z""",38,false,1,1
776,162,990,7,1,4,4,"""2013-08-25T19:06:21.066Z""",38,false,1,1
777,163,989,2,1,21,21,"""2013-08-25T19:07:56.166Z""",38,false,1,1
778,169,1242,3,1,29,29,"""2013-08-25T19:09:26.186Z""",38,false,1,1
779,167,1253,2,1,24,24,"""2013-08-25T19:10:47.866Z""",38,false,1,1
780,165,936,4,1,28,28,"""2013-08-25T19:13:06.876Z""",38,false,1,1
781,164,966,2,1,19,19,"""2013-08-25T19:14:35.400Z""",38,false,1,1
782,168,875,1,1,23,23,"""2013-08-25T19:15:14.146Z""",38,false,1,1
783,167,1147,2,1,24,24,"""2013-08-25T19:18:23.486Z""",38,false,1,1
784,160,914,1,1,26,26,"""2013-08-25T19:18:35.943Z""",38,false,1,1
785,161,921,3,1,20,20,"""2013-08-25T19:19:12.750Z""",38,false,1,1
786,170,917,1,1,30,30,"""2013-08-25T19:19:41.803Z""",38,false,1,1
787,166,747,1,1,27,27,"""2013-08-25T19:20:37.160Z""",38,false,1,1
788,169,755,3,1,29,29,"""2013-08-25T19:21:36.090Z""",38,false,1,1
789,165,874,1,1,28,28,"""2013-08-25T19:22:30.900Z""",38,false,1,1
790,167,1088,2,1,24,24,"""2013-08-25T19:23:02.793Z""",38,false,1,1
791,165,843,2,1,28,28,"""2013-08-25T19:23:55.716Z""",38,false,1,1
792,168,1122,1,1,23,23,"""2013-08-25T19:24:50.886Z""",38,false,1,1
793,163,800,15,1,21,21,"""2013-08-25T19:25:22.973Z""",38,false,1,1
794,163,1034,3,1,21,21,"""2013-08-25T19:25:45.233Z""",38,true,1,1
795,164,1143,5,1,19,19,"""2013-08-25T19:27:12.766Z""",38,false,1,1
796,161,1263,2,1,20,20,"""2013-08-25T19:28:36.073Z""",38,false,1,1
797,171,1229,3,1,22,4,"""2013-08-25T19:29:31.020Z""",38,false,1,1
798,166,937,2,1,27,27,"""2013-08-25T19:30:38.980Z""",38,false,1,1
799,166,1187,3,1,27,27,"""2013-08-25T19:31:44.120Z""",38,false,1,1
800,169,1217,1,1,29,29,"""2013-08-25T19:32:39.526Z""",38,false,1,1
801,165,851,1,1,28,28,"""2013-08-25T19:33:15.426Z""",38,false,1,1
802,167,1077,2,1,24,24,"""2013-08-25T19:34:04.660Z""",38,false,1,1
803,164,1130,1,1,19,19,"""2013-08-25T19:35:10.883Z""",38,false,1,1
804,168,1136,1,1,23,23,"""2013-08-25T19:35:20.876Z""",38,false,1,1
806,160,795,1,1,26,26,"""2013-08-25T19:37:00.463Z""",38,false,1,1
807,169,803,3,1,29,29,"""2013-08-25T19:38:19.440Z""",38,true,1,1
808,170,965,1,1,30,30,"""2013-08-25T19:39:30.426Z""",38,false,1,1
809,166,1198,1,1,27,27,"""2013-08-25T19:40:12.943Z""",38,false,1,1
810,169,1132,23,1,29,29,"""2013-08-25T19:41:03.553Z""",38,false,1,1
811,165,1191,1,1,28,28,"""2013-08-25T19:41:55.400Z""",38,false,1,1
812,167,850,1,1,24,24,"""2013-08-25T19:42:11.976Z""",38,false,1,1
813,166,894,2,1,27,27,"""2013-08-25T19:42:59.110Z""",38,false,1,1
814,168,825,1,1,23,23,"""2013-08-25T19:44:12.180Z""",38,false,1,1
815,171,762,1,1,22,22,"""2013-08-25T19:45:08.346Z""",38,false,1,1
816,160,939,1,1,26,26,"""2013-08-25T19:46:06.966Z""",38,false,1,1
817,161,1259,1,1,20,20,"""2013-08-25T19:46:22.656Z""",38,false,1,1
818,170,992,1,1,30,30,"""2013-08-25T19:47:57.166Z""",38,false,1,1
819,167,1184,4,1,24,24,"""2013-08-25T19:49:22.046Z""",38,false,1,1
820,164,774,1,1,19,4,"""2013-08-25T19:50:32.563Z""",38,false,1,1
821,168,863,1,1,23,23,"""2013-08-25T19:52:19.463Z""",38,false,1,1
822,165,1059,3,1,28,28,"""2013-08-25T19:52:50.893Z""",38,false,1,1
823,160,961,1,1,26,26,"""2013-08-25T19:53:44.380Z""",38,false,1,1
824,161,1044,1,1,20,20,"""2013-08-25T19:54:26.946Z""",38,false,1,1
825,170,958,1,1,30,30,"""2013-08-25T19:55:08.953Z""",38,false,1,1
826,165,922,1,1,28,28,"""2013-08-25T19:56:02.376Z""",38,false,1,1
827,164,1193,2,1,19,19,"""2013-08-25T19:56:30.193Z""",38,false,1,1
828,168,1149,1,1,23,23,"""2013-08-25T19:57:49.483Z""",38,false,1,1
829,171,1145,2,1,22,22,"""2013-08-25T19:58:28.760Z""",38,false,1,1
830,161,1065,2,1,20,20,"""2013-08-25T19:59:56.233Z""",38,false,1,1
831,170,1113,1,1,30,30,"""2013-08-25T20:01:29.430Z""",38,false,1,1
832,164,929,1,1,19,19,"""2013-08-25T20:02:23.576Z""",38,false,1,1
833,168,1183,1,1,23,23,"""2013-08-25T20:03:21.940Z""",38,false,1,1
834,171,1035,1,1,22,22,"""2013-08-25T20:03:54.696Z""",38,false,1,1
835,170,982,1,1,30,30,"""2013-08-25T20:04:38.996Z""",38,false,1,1
836,164,1111,1,1,19,19,"""2013-08-25T20:05:03.806Z""",38,false,1,1
837,168,1231,1,1,23,23,"""2013-08-25T20:07:00.283Z""",38,false,1,1
838,171,790,1,1,22,22,"""2013-08-25T20:07:26.656Z""",38,false,1,1
839,170,785,1,1,30,30,"""2013-08-25T20:08:04.363Z""",38,false,1,1
840,168,1131,1,1,23,23,"""2013-08-25T20:08:42.246Z""",38,false,1,1
841,171,827,1,1,22,22,"""2013-08-25T20:08:59.673Z""",38,false,1,1
842,170,896,1,1,30,30,"""2013-08-25T20:10:16.676Z""",38,false,1,1
843,168,1239,1,1,23,23,"""2013-08-25T20:11:30.223Z""",38,false,1,1
844,161,1105,1,1,20,20,"""2013-08-25T20:12:12.776Z""",38,false,1,1
845,170,907,1,1,30,30,"""2013-08-25T20:13:00.796Z""",38,false,1,1
846,174,957,30,1,4,4,"""2014-08-16T13:27:28.830Z""",39,false,1,4
847,177,882,36,1,28,28,"""2014-08-16T13:27:28.863Z""",39,false,1,4
848,177,1060,40,1,28,28,"""2014-08-16T13:27:28.883Z""",39,false,1,4
849,176,1043,35,1,19,19,"""2014-08-16T13:27:28.906Z""",39,false,1,4
850,183,756,33,1,22,22,"""2014-08-16T13:27:28.930Z""",39,false,1,4
851,180,879,64,1,23,23,"""2014-08-16T13:27:28.950Z""",39,false,1,4
852,180,841,48,1,23,23,"""2014-08-16T13:27:28.970Z""",39,false,1,3
853,183,773,45,1,22,22,"""2014-08-16T13:27:28.990Z""",39,false,1,3
854,181,923,63,1,29,29,"""2014-08-16T13:27:29.006Z""",39,false,1,2
855,177,975,23,1,28,28,"""2014-08-16T13:27:29.026Z""",39,false,1,2
856,172,943,28,1,26,26,"""2014-08-16T13:27:29.046Z""",39,false,1,2
857,175,845,28,1,21,21,"""2014-08-16T13:27:29.066Z""",39,false,1,2
858,174,1178,25,1,4,4,"""2014-08-16T13:27:29.086Z""",39,false,1,2
859,182,0,28,1,30,30,"""2014-08-16T13:27:29.106Z""",39,false,1,2
860,175,927,17,1,21,21,"""2014-08-16T13:27:29.126Z""",39,false,1,2
861,176,806,13,1,19,19,"""2014-08-16T13:27:29.146Z""",39,false,1,2
862,176,1067,20,1,19,19,"""2014-08-16T13:27:29.163Z""",39,false,1,2
863,174,1185,21,1,4,4,"""2014-08-16T13:27:29.183Z""",39,false,1,2
864,177,1230,13,1,28,28,"""2014-08-16T13:27:29.203Z""",39,false,1,2
865,173,1180,17,1,20,20,"""2014-08-16T13:27:29.223Z""",39,false,1,2
866,178,1232,10,1,27,27,"""2014-08-16T13:27:29.240Z""",39,false,1,2
867,178,1252,12,1,27,27,"""2014-08-16T13:27:29.256Z""",39,false,1,2
868,173,740,15,1,20,20,"""2014-08-16T13:27:29.273Z""",39,false,1,2
869,181,1242,11,1,29,29,"""2014-08-16T13:27:29.293Z""",39,false,1,2
870,174,774,9,1,4,4,"""2014-08-16T13:27:29.313Z""",39,false,1,2
871,174,855,38,1,4,4,"""2014-08-16T13:39:49.733Z""",39,false,1,1
872,182,933,10,1,30,30,"""2014-08-16T13:41:20.696Z""",39,false,1,1
873,175,809,17,1,21,21,"""2014-08-16T13:43:09.930Z""",39,false,1,1
874,181,1095,60,1,29,29,"""2014-08-16T13:45:36.666Z""",39,false,1,1
875,173,867,68,1,20,20,"""2014-08-16T13:48:28.880Z""",39,false,1,1
876,183,817,60,1,22,22,"""2014-08-16T13:50:42.353Z""",39,false,1,1
877,182,771,3,1,30,30,"""2014-08-16T13:52:13.913Z""",39,false,1,1
878,175,1046,5,1,21,21,"""2014-08-16T13:53:56.230Z""",39,false,1,1
879,182,832,57,1,30,30,"""2014-08-16T13:56:00.550Z""",39,false,1,1
880,172,1244,22,1,26,26,"""2014-08-16T13:57:32.003Z""",39,false,1,1
881,172,1038,58,1,26,26,"""2014-08-16T13:59:40.970Z""",39,false,1,1
882,178,741,55,1,27,27,"""2014-08-16T14:02:57.250Z""",39,false,1,1
883,175,941,54,1,21,21,"""2014-08-16T14:04:00.043Z""",39,false,1,1
884,180,1103,18,1,23,23,"""2014-08-16T14:06:09.076Z""",39,false,1,1
885,172,1081,11,1,26,26,"""2014-08-16T14:09:08.403Z""",39,false,1,1
886,179,1138,26,1,24,24,"""2014-08-16T14:11:03.293Z""",39,false,1,1
887,177,920,45,1,28,28,"""2014-08-16T14:13:55.753Z""",39,false,1,1
888,180,877,18,1,23,23,"""2014-08-16T14:17:09.276Z""",39,false,1,1
889,178,1139,40,1,27,19,"""2014-08-16T14:20:09.113Z""",39,false,1,1
890,182,791,2,1,30,30,"""2014-08-16T14:23:23.510Z""",39,true,1,1
891,182,1045,1,1,30,30,"""2014-08-16T14:24:15.513Z""",39,false,1,1
892,179,1142,26,1,24,24,"""2014-08-16T14:27:47.736Z""",39,false,1,1
893,172,1199,31,1,26,26,"""2014-08-16T14:31:05.230Z""",39,false,1,1
894,179,846,19,1,24,24,"""2014-08-16T14:34:42.563Z""",39,false,1,1
895,183,1155,24,1,22,22,"""2014-08-16T15:13:13.506Z""",39,false,1,1
896,178,973,6,1,27,27,"""2014-08-16T15:17:30.416Z""",39,false,1,1
897,176,1123,5,1,19,19,"""2014-08-16T15:18:50.826Z""",39,false,1,1
898,181,977,25,1,29,29,"""2014-08-16T15:21:06.673Z""",39,false,1,1
899,172,1254,6,1,26,26,"""2014-08-16T15:23:06.036Z""",39,false,1,1
900,176,1074,31,1,19,19,"""2014-08-16T15:25:26.490Z""",39,false,1,1
901,179,950,36,1,24,20,"""2014-08-16T15:28:55.666Z""",39,false,1,1
902,174,749,5,1,4,4,"""2014-08-16T15:29:11.480Z""",39,false,1,1
903,180,808,23,1,23,23,"""2014-08-16T15:31:39.123Z""",39,false,1,1
904,175,1265,11,1,21,21,"""2014-08-16T15:41:27.403Z""",39,false,1,1
905,175,1179,31,1,21,21,"""2014-08-16T15:42:11.966Z""",39,false,1,1
906,174,1010,10,1,4,4,"""2014-08-16T15:43:31.530Z""",39,false,1,1
907,183,766,18,1,22,22,"""2014-08-16T15:45:19.800Z""",39,false,1,1
908,180,1282,4,1,23,23,"""2014-08-16T15:47:02.206Z""",39,false,1,1
909,178,868,13,1,27,27,"""2014-08-16T15:49:56.430Z""",39,false,1,1
910,179,1141,31,1,24,24,"""2014-08-16T15:52:57.420Z""",39,false,1,1
911,183,744,6,1,22,22,"""2014-08-16T15:55:00.123Z""",39,false,1,1
912,176,793,16,1,19,19,"""2014-08-16T15:56:24.266Z""",39,false,1,1
913,179,1137,11,1,24,24,"""2014-08-16T15:58:18.333Z""",39,false,1,1
914,177,938,3,1,28,28,"""2014-08-16T16:00:39.786Z""",39,false,1,1
915,178,965,6,1,27,27,"""2014-08-16T16:03:06.916Z""",39,false,1,1
916,182,970,13,1,30,30,"""2014-08-16T16:05:57.763Z""",39,false,1,1
917,180,1071,2,1,23,23,"""2014-08-16T16:06:45.203Z""",39,false,1,1
918,172,1140,4,1,26,26,"""2014-08-16T16:08:25.033Z""",39,false,1,1
920,175,1064,8,1,21,21,"""2014-08-16T16:13:11.273Z""",39,false,1,1
921,182,1152,10,1,30,30,"""2014-08-16T16:17:35.750Z""",39,false,1,1
922,175,967,4,1,21,21,"""2014-08-16T16:19:07.046Z""",39,false,1,1
923,182,810,4,1,30,30,"""2014-08-16T16:20:12.720Z""",39,false,1,1
924,178,1188,22,1,27,27,"""2014-08-16T16:23:00.343Z""",39,false,1,1
925,173,990,2,1,20,20,"""2014-08-16T16:24:11.180Z""",39,false,1,1
926,177,857,12,1,28,28,"""2014-08-16T16:26:28.106Z""",39,false,1,1
927,178,1076,9,1,27,27,"""2014-08-16T16:28:06.426Z""",39,false,1,1
928,173,939,1,1,20,20,"""2014-08-16T16:29:48.446Z""",39,false,1,1
929,174,838,13,1,4,4,"""2014-08-16T16:32:01.800Z""",39,false,1,1
930,182,1055,8,1,30,30,"""2014-08-16T16:33:20.233Z""",39,false,1,1
931,172,999,5,1,26,26,"""2014-08-16T16:35:04.600Z""",39,false,1,1
932,181,930,9,1,29,24,"""2014-08-16T16:38:25.090Z""",39,false,1,1
933,177,1131,1,1,28,28,"""2014-08-16T16:38:56.510Z""",39,false,1,1
934,181,961,2,1,29,29,"""2014-08-16T16:39:13.463Z""",39,false,1,1
935,182,1181,8,1,30,21,"""2014-08-16T16:41:07.306Z""",39,false,1,1
936,182,1333,12,1,30,30,"""2014-08-16T16:43:42.243Z""",39,false,1,1
937,176,966,2,1,19,19,"""2014-08-16T16:44:18.520Z""",39,false,1,1
938,182,1127,2,1,30,30,"""2014-08-16T16:47:18.826Z""",39,false,1,1
939,172,1135,1,1,26,26,"""2014-08-16T16:47:52.590Z""",39,false,1,1
940,176,862,18,1,19,19,"""2014-08-16T16:49:18.053Z""",39,false,1,1
941,173,1002,5,1,20,20,"""2014-08-16T16:51:06.506Z""",39,false,1,1
942,172,770,2,1,26,26,"""2014-08-16T16:51:57.200Z""",39,false,1,1
943,173,902,21,1,20,24,"""2014-08-16T16:56:03.053Z""",39,false,1,1
944,180,1329,4,1,23,23,"""2014-08-16T16:57:39.300Z""",39,false,1,1
945,182,903,5,1,30,30,"""2014-08-16T16:59:30.630Z""",39,false,1,1
946,178,800,2,1,27,27,"""2014-08-16T17:02:05.750Z""",39,false,1,1
947,174,1013,10,1,4,4,"""2014-08-16T17:04:58.846Z""",39,false,1,1
948,181,1083,8,1,29,29,"""2014-08-16T17:06:13.476Z""",39,false,1,1
949,180,986,3,1,23,23,"""2014-08-16T17:07:45.933Z""",39,false,1,1
950,182,1101,20,1,30,30,"""2014-08-16T17:09:38.063Z""",39,false,1,1
951,173,1226,20,1,20,24,"""2014-08-16T17:11:31.120Z""",39,true,1,1
952,178,1293,3,1,27,27,"""2014-08-16T17:13:59.333Z""",39,false,1,1
953,173,926,21,1,20,20,"""2014-08-16T17:15:17.116Z""",39,false,1,1
954,181,890,3,1,29,29,"""2014-08-16T17:49:40.703Z""",39,false,1,1
955,177,971,10,1,28,28,"""2014-08-16T18:01:36.583Z""",39,false,1,1
956,182,864,4,1,30,30,"""2014-08-16T18:02:50.720Z""",39,false,1,1
957,178,1097,6,1,27,27,"""2014-08-16T18:03:59.470Z""",39,false,1,1
958,181,847,3,1,29,29,"""2014-08-16T18:04:56.356Z""",39,false,1,1
959,183,1129,1,1,22,22,"""2014-08-16T18:05:15.036Z""",39,false,1,1
960,181,1136,2,1,29,29,"""2014-08-16T18:05:58.556Z""",39,false,1,1
961,173,1255,4,1,20,20,"""2014-08-16T18:06:48.770Z""",39,false,1,1
962,179,825,1,1,24,24,"""2014-08-16T18:07:52.193Z""",39,false,1,1
963,178,1191,3,1,27,27,"""2014-08-16T18:09:01.906Z""",39,false,1,1
964,173,1253,1,1,20,20,"""2014-08-16T18:09:47.230Z""",39,false,1,1
965,175,968,8,1,21,21,"""2014-08-16T18:11:14.846Z""",39,false,1,1
966,176,1271,5,1,19,19,"""2014-08-16T18:13:04.506Z""",39,false,1,1
967,175,1229,5,1,21,21,"""2014-08-16T18:14:51.266Z""",39,false,1,1
968,174,830,4,1,4,4,"""2014-08-16T18:16:19.766Z""",39,false,1,1
969,173,1036,4,1,20,20,"""2014-08-16T18:17:22.490Z""",39,false,1,1
970,183,767,1,1,22,22,"""2014-08-16T18:17:43.603Z""",39,false,1,1
971,172,762,3,1,26,26,"""2014-08-16T18:18:57.193Z""",39,false,1,1
972,176,1204,22,1,19,19,"""2014-08-16T18:20:49.896Z""",39,false,1,1
973,179,1035,13,1,24,20,"""2014-08-16T18:22:37.090Z""",39,false,1,1
974,178,892,5,1,27,27,"""2014-08-16T18:23:27.380Z""",39,false,1,1
975,172,1065,10,1,26,26,"""2014-08-16T18:25:16.436Z""",39,false,1,1
976,172,754,6,1,26,26,"""2014-08-16T18:33:14.436Z""",39,false,1,1
977,176,1325,5,1,19,19,"""2014-08-16T18:33:57.796Z""",39,false,1,1
978,174,1304,11,1,4,4,"""2014-08-16T18:35:05.910Z""",39,false,1,1
979,179,898,3,1,24,24,"""2014-08-16T18:36:16.966Z""",39,false,1,1
980,181,1039,7,1,29,29,"""2014-08-16T18:37:33.446Z""",39,false,1,1
981,174,757,6,1,4,4,"""2014-08-16T18:38:34.343Z""",39,false,1,1
983,174,1279,4,1,4,4,"""2014-08-16T18:41:26.810Z""",39,false,1,1
984,174,1133,2,1,4,4,"""2014-08-16T18:42:13.923Z""",39,false,1,1
985,178,827,1,1,27,27,"""2014-08-16T18:42:38.886Z""",39,false,1,1
986,179,1148,7,1,24,24,"""2014-08-16T18:45:21.986Z""",39,false,1,1
987,183,955,2,1,22,22,"""2014-08-16T18:46:51.603Z""",39,false,1,1
988,177,1198,2,1,28,28,"""2014-08-16T18:47:17.993Z""",39,false,1,1
989,179,820,6,1,24,24,"""2014-08-16T18:49:27.406Z""",39,false,1,1
991,183,1066,2,1,22,22,"""2014-08-16T18:51:20.580Z""",39,false,1,1
992,183,935,1,1,22,22,"""2014-08-16T18:53:29.103Z""",39,false,1,1
993,180,1231,3,1,23,23,"""2014-08-16T18:54:09.093Z""",39,false,1,1
994,175,1291,1,1,21,21,"""2014-08-16T18:54:52.473Z""",39,false,1,1
995,179,747,1,1,24,24,"""2014-08-16T18:56:03.916Z""",39,false,1,1
996,173,1274,3,1,20,20,"""2014-08-16T18:57:26.750Z""",39,false,1,1
998,180,1151,2,1,23,23,"""2014-08-16T19:01:32.620Z""",39,false,1,1
1000,177,1009,1,1,28,28,"""2014-08-16T19:03:30.346Z""",39,false,1,1
1001,175,1173,2,1,21,21,"""2014-08-16T19:06:00.680Z""",39,false,1,1
1002,183,964,3,1,22,22,"""2014-08-16T19:06:16.113Z""",39,false,1,1
1003,180,1306,6,1,23,23,"""2014-08-16T19:07:55.746Z""",39,false,1,1
1004,175,1281,1,1,21,21,"""2014-08-16T19:08:39.886Z""",39,false,1,1
1005,179,1308,4,1,24,24,"""2014-08-16T19:10:08.856Z""",39,false,1,1
1006,183,1249,3,1,22,22,"""2014-08-16T19:12:20.976Z""",39,false,1,1
1007,172,907,2,1,26,26,"""2014-08-16T19:13:19.976Z""",39,false,1,1
1008,176,1277,6,1,19,19,"""2014-08-16T19:14:35.286Z""",39,false,1,1
1009,174,1119,1,1,4,4,"""2014-08-16T19:15:09.316Z""",39,false,1,1
1010,179,843,5,1,24,24,"""2014-08-16T19:16:31.690Z""",39,false,1,1
1011,177,833,3,1,28,28,"""2014-08-16T19:17:36.830Z""",39,false,1,1
1012,183,1040,1,1,22,22,"""2014-08-16T19:18:28.470Z""",39,false,1,1
1013,172,1234,4,1,26,26,"""2014-08-16T19:19:41.106Z""",39,false,1,1
1014,175,945,1,1,21,21,"""2014-08-16T19:20:35.166Z""",39,false,1,1
1015,179,889,5,1,24,24,"""2014-08-16T19:22:27.356Z""",39,false,1,1
1016,183,1266,3,1,22,22,"""2014-08-16T19:23:39.126Z""",39,false,1,1
1017,176,1302,2,1,19,19,"""2014-08-16T19:24:18.903Z""",39,false,1,1
1018,176,1005,2,1,19,19,"""2014-08-16T19:25:13.286Z""",39,false,1,1
1019,181,1006,1,1,29,29,"""2014-08-16T19:26:06.816Z""",39,false,1,1
1020,183,1041,2,1,22,22,"""2014-08-16T19:26:25.540Z""",39,false,1,1
1021,177,1227,2,1,28,28,"""2014-08-16T19:27:15.496Z""",39,false,1,1
1022,173,1089,1,1,20,20,"""2014-08-16T19:30:23.113Z""",39,false,1,1
1023,176,1134,6,1,19,19,"""2014-08-16T19:31:16.196Z""",39,false,1,1
1024,177,1063,1,1,28,28,"""2014-08-16T19:32:08.816Z""",39,false,1,1
1025,181,2353,1,1,29,29,"""2014-08-16T19:36:43.746Z""",39,false,1,1
1026,173,1084,1,1,20,20,"""2014-08-16T19:38:20.153Z""",39,false,1,1
1027,177,1153,1,1,28,28,"""2014-08-16T19:38:59.116Z""",39,false,1,1
1028,181,942,1,1,29,29,"""2014-08-16T19:39:32.416Z""",39,false,1,1
1029,180,1207,1,1,23,23,"""2014-08-16T19:39:40.233Z""",39,false,1,1
1030,177,1315,2,1,28,28,"""2014-08-16T19:40:04.666Z""",39,false,1,1
1031,181,1113,3,1,29,29,"""2014-08-16T19:41:23.730Z""",39,false,1,1
1032,181,948,1,1,29,29,"""2014-08-16T19:45:32.366Z""",39,false,1,1
1033,180,2357,1,1,23,23,"""2014-08-16T19:45:42.640Z""",39,false,1,1
1034,180,1018,1,1,23,23,"""2014-08-16T19:46:02.946Z""",39,false,1,1
1035,180,1352,1,1,23,23,"""2014-08-16T19:46:22.280Z""",39,false,1,1
1036,172,2356,3,1,26,26,"""2014-08-18T19:22:20.646Z""",39,false,1,1
1037,173,2360,10,1,20,20,"""2014-08-18T19:25:08.060Z""",39,false,1,1
1038,179,2358,6,1,24,24,"""2014-08-18T19:25:35.576Z""",39,false,1,1
1039,176,2359,12,1,19,19,"""2014-08-18T19:26:07.156Z""",39,true,1,1
1040,178,777,4,1,27,27,"""2014-08-18T19:43:51.533Z""",39,false,1,1
1041,175,2354,1,1,21,21,"""2014-08-18T19:49:20.146Z""",39,false,1,1
1042,174,2355,5,1,4,4,"""2014-08-18T20:17:17.940Z""",39,false,1,1
1846,1180,841,52,1,23,23,"""2015-08-28T15:42:18.680Z""",1039,false,1,4
1847,1183,773,49,1,22,22,"""2015-08-28T15:42:18.726Z""",1039,false,1,4
1848,1177,975,39,1,28,28,"""2015-08-28T15:42:18.773Z""",1039,false,2,3
1849,1182,0,44,1,30,30,"""2015-08-28T15:42:18.790Z""",1039,false,2,3
1850,1176,1067,36,1,19,19,"""2015-08-28T15:42:18.820Z""",1039,false,2,3
1851,1173,1180,33,1,20,20,"""2015-08-28T15:42:18.853Z""",1039,false,2,3
1852,1175,941,62,1,21,21,"""2015-08-28T15:42:18.866Z""",1039,false,0,2
1853,1176,1139,48,1,19,19,"""2015-08-28T15:42:18.900Z""",1039,false,0,2
1854,1179,846,27,1,24,24,"""2015-08-28T15:42:18.930Z""",1039,false,0,2
1855,1181,977,33,1,29,29,"""2015-08-28T15:42:18.963Z""",1039,false,0,2
1856,1178,868,21,1,27,27,"""2015-08-28T15:42:18.976Z""",1039,false,0,2
1857,1178,1076,17,1,27,27,"""2015-08-28T15:42:19.023Z""",1039,false,0,2
1858,1182,1055,16,1,30,30,"""2015-08-28T15:42:19.056Z""",1039,false,0,2
1859,1179,930,17,1,24,24,"""2015-08-28T15:42:19.086Z""",1039,false,0,2
1860,1175,1181,16,1,21,21,"""2015-08-28T15:42:19.103Z""",1039,false,0,2
1861,1180,1329,12,1,23,23,"""2015-08-28T15:42:19.133Z""",1039,false,0,2
1862,1179,1226,28,1,24,24,"""2015-08-28T15:42:19.150Z""",1039,false,0,2
1863,1181,890,11,1,29,29,"""2015-08-28T15:42:19.180Z""",1039,false,0,2
1864,1181,847,11,1,29,29,"""2015-08-28T15:42:19.213Z""",1039,false,0,2
1865,1173,1255,12,1,20,20,"""2015-08-28T15:42:19.260Z""",1039,false,0,2
1866,1172,1065,18,1,26,26,"""2015-08-28T15:42:19.306Z""",1039,false,0,2
1867,1176,1325,13,1,19,19,"""2015-08-28T15:42:19.353Z""",1039,false,0,2
1868,1174,1304,19,1,4,4,"""2015-08-28T15:42:19.400Z""",1039,false,0,2
1869,1183,1066,10,1,22,22,"""2015-08-28T15:42:19.430Z""",1039,false,0,2
1870,1180,1231,11,1,23,23,"""2015-08-28T15:42:19.463Z""",1039,false,0,2
1871,1180,1151,10,1,23,23,"""2015-08-28T15:42:19.493Z""",1039,false,0,2
1872,1176,1277,14,1,19,19,"""2015-08-28T15:42:19.540Z""",1039,false,0,2
1873,1183,1040,9,1,22,22,"""2015-08-28T15:42:19.556Z""",1039,false,0,2
1874,1183,1041,10,1,22,22,"""2015-08-28T15:42:19.603Z""",1039,false,0,2
1875,1181,2353,9,1,29,29,"""2015-08-28T15:42:19.616Z""",1039,false,0,2
1876,1172,1302,9,1,26,26,"""2015-08-28T15:42:54.180Z""",1039,false,0,2
1877,1177,1307,11,1,28,28,"""2015-08-28T15:44:20.103Z""",1039,false,0,2
1878,1179,1285,9,1,24,24,"""2015-08-28T15:44:39.340Z""",1039,false,0,2
1879,1174,1052,19,1,4,4,"""2015-08-28T15:45:05.090Z""",1039,false,0,2
1880,1178,1210,10,1,27,27,"""2015-08-28T15:45:45.996Z""",1039,false,0,2
1881,1178,1141,9,1,27,27,"""2015-08-28T15:46:07.653Z""",1039,false,0,2
1882,1173,1315,9,1,20,20,"""2015-08-28T15:46:42.780Z""",1039,false,0,2
1883,1178,923,45,1,27,27,"""2015-08-28T15:58:08.963Z""",1039,false,0,1
1884,1181,817,47,1,29,29,"""2015-08-28T15:59:29.666Z""",1039,false,0,1
1885,1174,1244,21,1,4,4,"""2015-08-28T16:01:35.246Z""",1039,false,0,1
1886,1182,1038,57,1,30,30,"""2015-08-28T16:03:10.030Z""",1039,false,0,1
1887,1173,1002,25,1,20,20,"""2015-08-28T16:06:20.046Z""",1039,false,0,1
1888,1174,879,41,1,4,4,"""2015-08-28T16:07:37.613Z""",1039,false,0,1
1889,1180,3358,27,1,23,23,"""2015-08-28T16:09:35.083Z""",1039,false,0,1
1890,1175,756,36,1,21,21,"""2015-08-28T16:11:41.476Z""",1039,false,0,1
1891,1177,832,42,1,28,28,"""2015-08-28T16:13:58.993Z""",1039,false,0,1
1892,1172,1095,57,1,26,26,"""2015-08-28T16:16:32.903Z""",1039,false,0,1
1893,1172,882,53,1,26,26,"""2015-08-28T16:19:05.826Z""",1039,false,0,1
1894,1183,810,7,1,22,22,"""2015-08-28T16:29:57.680Z""",1039,false,0,1
1895,1173,950,55,1,20,20,"""2015-08-28T16:32:47.480Z""",1039,false,0,1
1896,1179,845,49,1,24,24,"""2015-08-28T16:36:39.783Z""",1039,false,0,1
1897,1177,1295,14,1,28,28,"""2015-08-28T16:38:54.533Z""",1039,false,0,1
1898,1181,809,9,1,29,29,"""2015-08-28T16:40:13.660Z""",1039,false,0,1
1899,1182,3362,15,1,30,30,"""2015-08-28T16:42:34.006Z""",1039,false,0,1
1900,1174,767,3,1,4,4,"""2015-08-28T16:43:40.383Z""",1039,false,0,1
1901,1180,957,16,1,23,23,"""2015-08-28T16:45:09.336Z""",1039,false,0,1
1902,1179,862,17,1,24,24,"""2015-08-28T16:47:41.153Z""",1039,false,0,1
1903,1178,1318,1,1,27,27,"""2015-08-28T16:50:39.593Z""",1039,false,0,1
1904,1178,1043,14,1,27,27,"""2015-08-28T16:52:12.890Z""",1039,false,0,1
1906,1172,1152,19,1,26,26,"""2015-08-28T16:58:57.356Z""",1039,false,0,1
1907,1175,1265,28,1,21,21,"""2015-08-28T17:02:09.606Z""",1039,false,0,1
1908,1173,1009,11,1,20,20,"""2015-08-28T17:06:41.406Z""",1039,false,0,1
1909,1180,958,19,1,23,23,"""2015-08-28T17:06:56.050Z""",1039,false,0,1
1910,1180,741,31,1,23,23,"""2015-08-28T17:10:15.036Z""",1039,false,0,1
1911,1177,1333,6,1,28,28,"""2015-08-28T17:13:14.003Z""",1039,false,0,1
1912,1181,1046,4,1,29,29,"""2015-08-28T17:14:30.493Z""",1039,true,0,1
1913,1183,1204,11,1,22,22,"""2015-08-28T17:17:36.413Z""",1039,false,0,1
1914,1177,1064,12,1,28,28,"""2015-08-28T17:19:03.546Z""",1039,false,0,1
1915,1183,806,15,1,22,22,"""2015-08-28T17:21:04.196Z""",1039,false,0,1
1916,1178,920,20,1,27,27,"""2015-08-28T17:23:00.956Z""",1039,false,0,1
1917,1180,3353,5,1,23,23,"""2015-08-28T17:25:27.576Z""",1039,true,0,1
1918,1183,1060,47,1,22,22,"""2015-08-28T17:28:54.593Z""",1039,false,0,1
1919,1174,1179,35,1,4,4,"""2015-08-28T18:17:44.583Z""",1039,false,0,1
1920,1177,867,36,1,28,28,"""2015-08-28T18:21:07.526Z""",1039,false,0,1
1921,1174,1268,8,1,4,4,"""2015-08-28T18:22:53.626Z""",1039,false,0,1
1922,1175,744,11,1,21,21,"""2015-08-28T18:24:15.490Z""",1039,false,0,1
1923,1178,1254,8,1,27,27,"""2015-08-28T18:26:08.306Z""",1039,false,0,1
1924,1176,1232,37,1,19,19,"""2015-08-28T18:29:33.050Z""",1039,false,0,1
1925,1173,1330,3,1,20,20,"""2015-08-28T18:31:48.116Z""",1039,false,0,1
1926,1173,1039,8,1,20,20,"""2015-08-28T18:34:57.766Z""",1039,false,0,1
1927,1176,1073,10,1,19,19,"""2015-08-28T18:36:40.756Z""",1039,true,0,1
1928,1173,3361,17,1,20,20,"""2015-08-28T18:39:16.230Z""",1039,false,0,1
1929,1182,965,7,1,30,30,"""2015-08-28T18:42:54.646Z""",1039,false,0,1
1930,1183,855,17,1,22,22,"""2015-08-28T18:44:08.713Z""",1039,false,0,1
1931,1175,1190,28,1,21,21,"""2015-08-28T18:48:55.303Z""",1039,false,0,1
1932,1176,1199,21,1,19,19,"""2015-08-28T18:51:43.246Z""",1039,false,0,1
1934,1172,1109,20,1,26,26,"""2015-08-28T18:56:37.010Z""",1039,false,0,1
1935,1183,1097,2,1,22,22,"""2015-08-28T18:59:51.233Z""",1039,false,0,1
1936,1182,967,3,1,30,30,"""2015-08-28T19:00:23.626Z""",1039,false,0,1
1937,1178,990,3,1,27,27,"""2015-08-28T19:01:33.956Z""",1039,false,0,1
1938,1182,1071,3,1,30,30,"""2015-08-28T19:02:48.503Z""",1039,false,0,1
1939,1178,1142,12,1,27,27,"""2015-08-28T19:04:56.100Z""",1039,false,0,1
1941,1178,808,8,1,27,27,"""2015-08-28T19:13:03.050Z""",1039,false,0,1
1942,1179,1074,24,1,24,24,"""2015-08-28T19:19:30.556Z""",1039,false,0,1
1943,1182,973,19,1,30,30,"""2015-08-28T19:21:38.186Z""",1039,false,0,1
1944,1182,877,6,1,30,30,"""2015-08-28T19:23:42.313Z""",1039,false,0,1
1946,1175,1135,1,1,21,21,"""2015-08-28T19:26:52.990Z""",1039,false,0,1
1947,1176,827,2,1,19,19,"""2015-08-28T19:27:08.130Z""",1039,false,0,1
1948,1179,770,1,1,24,24,"""2015-08-28T19:28:26.883Z""",1039,false,0,1
1949,1177,1293,2,1,28,28,"""2015-08-28T19:29:14.273Z""",1039,false,0,1
1950,1183,914,3,1,22,22,"""2015-08-28T19:30:22.416Z""",1039,false,0,1
1951,1178,1299,10,1,27,27,"""2015-08-28T19:31:54.526Z""",1039,false,0,1
1952,1181,1185,12,1,29,29,"""2015-08-28T19:34:22.486Z""",1039,false,0,1
1953,1181,1138,5,1,29,29,"""2015-08-28T19:36:16.676Z""",1039,false,0,1
1954,1176,927,2,1,19,19,"""2015-08-28T19:37:01.536Z""",1039,false,0,1
1955,1182,1006,5,1,30,30,"""2015-08-28T19:38:13.223Z""",1039,false,0,1
1956,1176,1230,7,1,19,19,"""2015-08-28T19:40:18.493Z""",1039,false,0,1
1957,1174,3359,13,1,4,4,"""2015-08-28T19:41:56.433Z""",1039,false,0,1
1958,1175,851,4,1,21,21,"""2015-08-28T19:43:36.886Z""",1039,false,0,1
1959,1180,1113,2,1,23,23,"""2015-08-28T19:45:20.063Z""",1039,false,0,1
1960,1174,1129,2,1,4,4,"""2015-08-28T19:46:14.830Z""",1039,false,0,1
1962,1176,800,2,1,19,19,"""2015-08-28T19:49:50.083Z""",1039,false,0,1
1964,1173,766,15,1,20,20,"""2015-08-28T19:55:36.686Z""",1039,false,0,1
1965,1179,1252,10,1,24,24,"""2015-08-28T19:57:30.080Z""",1039,false,0,1
1966,1183,1013,4,1,22,22,"""2015-08-28T19:58:59.753Z""",1039,false,0,1
1967,1178,754,8,1,27,27,"""2015-08-28T20:03:01.180Z""",1039,false,0,1
1969,1181,1327,6,1,29,29,"""2015-08-28T20:09:35.956Z""",1039,false,0,1
1970,1177,873,1,1,28,28,"""2015-08-28T20:10:49.926Z""",1039,false,0,1
1971,1181,1131,4,1,29,29,"""2015-08-28T20:11:56.553Z""",1039,false,0,1
1972,1172,1140,6,1,26,26,"""2015-08-28T20:12:57.646Z""",1039,false,0,1
1973,1176,1155,4,1,19,19,"""2015-08-28T20:14:20.510Z""",1039,false,0,1
1974,1181,902,13,1,29,29,"""2015-08-28T20:16:10.293Z""",1039,false,0,1
1975,1181,843,5,1,29,29,"""2015-08-28T20:17:33.373Z""",1039,false,0,1
1976,1179,933,3,1,24,24,"""2015-08-28T20:19:01.326Z""",1039,false,0,1
1977,1177,1271,7,1,28,28,"""2015-08-28T20:20:26.893Z""",1039,false,0,1
1978,1180,1178,1,1,23,23,"""2015-08-28T20:24:14.053Z""",1039,false,0,1
1979,1177,3360,15,1,28,28,"""2015-08-28T20:28:18.340Z""",1039,false,0,1
1980,1182,986,7,1,30,30,"""2015-08-28T20:29:23.263Z""",1039,false,0,1
1981,1183,939,2,1,22,22,"""2015-08-28T20:30:57.236Z""",1039,false,0,1
1982,1179,876,1,1,24,24,"""2015-08-28T20:32:49.300Z""",1039,false,0,1
1983,1173,1044,3,1,20,20,"""2015-08-28T20:33:33.816Z""",1039,false,0,1
1984,1176,1156,1,1,19,19,"""2015-08-28T20:34:16.100Z""",1039,false,0,1
1985,1174,971,6,1,4,4,"""2015-08-28T20:36:55.820Z""",1039,false,0,1
1986,1178,771,1,1,27,27,"""2015-08-28T20:37:36.040Z""",1039,false,0,1
1987,1174,740,8,1,4,4,"""2015-08-28T20:40:53.060Z""",1039,false,0,1
1988,1183,2359,7,1,22,22,"""2015-08-28T20:42:40.080Z""",1039,false,0,1
1989,1180,825,1,1,23,23,"""2015-08-28T20:43:14.860Z""",1039,false,0,1
1990,1182,935,4,1,30,30,"""2015-08-28T20:44:07.940Z""",1039,false,0,1
1991,1175,838,5,1,21,21,"""2015-08-28T20:45:21.003Z""",1039,false,0,1
1993,1183,793,4,1,22,22,"""2015-08-28T20:48:10.930Z""",1039,false,0,1
1994,1172,959,9,1,26,26,"""2015-08-28T20:50:12.666Z""",1039,false,0,1
1996,1175,757,2,1,21,21,"""2015-08-28T20:52:32.406Z""",1039,false,0,1
1997,1182,2358,1,1,30,30,"""2015-08-28T20:52:55.436Z""",1039,false,0,1
1999,1177,955,4,1,28,28,"""2015-08-28T20:56:37.753Z""",1039,false,0,1
2000,1180,1291,5,1,23,23,"""2015-08-28T20:57:36.163Z""",1039,false,0,1
2001,1177,3363,3,1,28,28,"""2015-08-28T20:59:13.086Z""",1039,false,0,1
2003,1172,1105,1,1,26,26,"""2015-08-28T21:01:40.526Z""",1039,false,0,1
2004,1176,762,1,1,19,19,"""2015-08-28T21:02:35.370Z""",1039,false,0,1
2005,1177,1253,6,1,28,28,"""2015-08-28T21:03:21.496Z""",1039,false,0,1
2006,1182,775,3,1,30,30,"""2015-08-28T21:04:31.420Z""",1039,false,0,1
2007,1180,1123,1,1,23,23,"""2015-08-28T21:05:15.983Z""",1039,false,0,1
2009,1175,942,1,1,21,21,"""2015-08-28T21:07:10.266Z""",1039,false,0,1
2010,1174,2360,2,1,4,4,"""2015-08-28T21:07:55.486Z""",1039,false,0,1
2011,1173,3370,3,1,20,20,"""2015-08-28T21:08:30.393Z""",1039,false,0,1
2012,1176,857,1,1,19,19,"""2015-08-28T21:09:08.610Z""",1039,false,0,1
2013,1182,913,2,1,30,30,"""2015-08-28T21:10:20.566Z""",1039,false,0,1
2014,1172,1119,2,1,26,26,"""2015-08-28T21:11:00.723Z""",1039,false,0,1
2015,1179,1249,2,1,24,24,"""2015-08-28T21:11:44.943Z""",1039,false,0,1
2018,1173,1281,2,1,20,20,"""2015-08-28T21:16:15.243Z""",1039,false,0,1
2019,1174,3374,1,1,4,4,"""2015-08-28T21:17:23.836Z""",1039,false,0,1
2021,1179,774,1,1,24,24,"""2015-08-28T21:20:14.780Z""",1039,false,0,1
2022,1172,1025,1,1,26,26,"""2015-08-28T21:21:07.996Z""",1039,false,0,1
2023,1176,765,1,1,19,19,"""2015-08-28T21:22:13.670Z""",1039,false,0,1
2024,1173,897,1,1,20,20,"""2015-08-28T21:22:43.826Z""",1039,false,0,1
2025,1175,1227,1,1,21,21,"""2015-08-28T21:23:22.296Z""",1039,false,0,1
2026,1179,964,7,1,24,24,"""2015-08-28T21:23:56.423Z""",1039,false,0,1
2027,1173,1143,2,1,20,20,"""2015-08-28T21:25:08.173Z""",1039,false,0,1
2028,1173,3386,1,1,20,20,"""2015-08-28T21:26:04.330Z""",1039,false,0,1
2029,1175,1207,1,1,21,21,"""2015-08-28T21:26:23.253Z""",1039,false,0,1
2030,1175,1122,2,1,21,21,"""2015-08-28T21:27:52.100Z""",1039,false,0,1
2031,1175,1201,1,1,21,21,"""2015-08-28T21:28:45.210Z""",1039,false,0,1
2032,1172,1200,1,1,26,26,"""2015-08-28T21:29:15.176Z""",1039,false,0,1
2033,1175,926,1,1,21,21,"""2015-08-28T21:29:42.740Z""",1039,false,0,1
2034,1172,791,1,1,26,26,"""2015-08-28T21:30:34.256Z""",1039,false,0,1
2035,1172,1148,1,1,26,26,"""2015-08-28T21:31:06.993Z""",1039,false,0,1
2036,1172,1288,1,1,26,26,"""2015-08-28T21:31:46.466Z""",1039,false,0,1
2038,1172,1256,1,1,26,26,"""2015-08-28T21:34:24.696Z""",1039,false,0,1
2039,1181,3456,7,1,29,29,"""2015-08-29T09:12:51.366Z""",1039,false,0,1
2040,1182,3457,6,1,30,30,"""2015-08-29T09:13:47.976Z""",1039,false,0,1
2041,1181,3458,13,1,29,29,"""2015-08-29T09:14:29.993Z""",1039,false,0,1
2042,1181,3459,9,1,29,29,"""2015-08-29T09:15:22.726Z""",1039,false,0,1
2043,1180,3460,2,1,23,23,"""2015-08-29T09:15:51.620Z""",1039,false,0,1
2044,1178,3461,13,1,27,27,"""2015-08-29T09:16:26.386Z""",1039,false,0,1
2045,1174,3462,18,1,4,4,"""2015-08-29T09:16:55.060Z""",1039,false,0,1
2046,1177,3463,1,1,28,28,"""2015-08-29T09:17:22.076Z""",1039,false,0,1
2047,1183,3464,3,1,22,22,"""2015-08-29T09:17:55.403Z""",1039,false,0,1
2048,1180,3465,1,1,23,23,"""2015-08-29T09:18:16.936Z""",1039,false,0,1
2049,1177,3466,1,1,28,28,"""2015-08-29T09:18:47.203Z""",1039,false,0,1
2050,1174,3467,1,1,4,4,"""2015-08-29T09:19:16.186Z""",1039,false,0,1
2051,1179,3468,1,1,24,24,"""2015-08-29T09:19:43.750Z""",1039,false,0,1
2052,1179,1279,3,1,24,24,"""2015-08-29T09:20:13.343Z""",1039,false,0,1
2053,1174,3469,3,1,4,4,"""2015-08-29T09:21:05.156Z""",1039,false,0,1